url,collectedAt,content.startupName,content.pricingModel
"https://github.com/openclaw/openclaw","2026-06-24T04:53:42.404Z","openclaw","OPEN_SOURCE"
"https://github.com/obra/superpowers","2026-06-24T04:53:42.404Z","obra","OPEN_SOURCE"
"https://github.com/NousResearch/hermes-agent","2026-06-24T04:53:42.404Z","NousResearch","OPEN_SOURCE"
"https://github.com/n8n-io/n8n","2026-06-24T04:53:42.404Z","n8n-io","OPEN_SOURCE"
"https://github.com/Significant-Gravitas/AutoGPT","2026-06-24T04:53:42.404Z","Significant-Gravitas","OPEN_SOURCE"
"https://github.com/f/prompts.chat","2026-06-24T04:53:42.404Z","f","OPEN_SOURCE"
"https://github.com/AUTOMATIC1111/stable-diffusion-webui","2026-06-24T04:53:42.404Z","AUTOMATIC1111","OPEN_SOURCE"
"https://github.com/Snailclimb/JavaGuide","2026-06-24T04:53:42.404Z","Snailclimb","OPEN_SOURCE"
"https://github.com/langgenius/dify","2026-06-24T04:53:42.404Z","langgenius","OPEN_SOURCE"
"https://github.com/open-webui/open-webui","2026-06-24T04:53:42.404Z","open-webui","OPEN_SOURCE"
"https://github.com/x1xhlol/system-prompts-and-models-of-ai-tools","2026-06-24T04:53:42.404Z","x1xhlol","OPEN_SOURCE"
"https://github.com/langchain-ai/langchain","2026-06-24T04:53:42.404Z","langchain-ai","OPEN_SOURCE"
"https://github.com/firecrawl/firecrawl","2026-06-24T04:53:42.404Z","firecrawl","OPEN_SOURCE"
"https://github.com/Comfy-Org/ComfyUI","2026-06-24T04:53:42.404Z","Comfy-Org","OPEN_SOURCE"
"https://github.com/github/spec-kit","2026-06-24T04:53:42.404Z","github","OPEN_SOURCE"
"https://github.com/microsoft/generative-ai-for-beginners","2026-06-24T04:53:42.404Z","microsoft","OPEN_SOURCE"
"https://github.com/google-gemini/gemini-cli","2026-06-24T04:53:42.404Z","google-gemini","OPEN_SOURCE"
"https://github.com/supabase/supabase","2026-06-24T04:53:42.404Z","supabase","OPEN_SOURCE"
"https://github.com/rasbt/LLMs-from-scratch","2026-06-24T04:53:42.404Z","rasbt","OPEN_SOURCE"
"https://github.com/hacksider/Deep-Live-Cam","2026-06-24T04:53:42.404Z","hacksider","OPEN_SOURCE"
"https://github.com/harry0703/MoneyPrinterTurbo","2026-06-24T04:53:42.404Z","harry0703","OPEN_SOURCE"
"https://github.com/punkpeye/awesome-mcp-servers","2026-06-24T04:53:42.404Z","punkpeye","OPEN_SOURCE"
"https://github.com/thedotmack/claude-mem","2026-06-24T04:53:42.404Z","thedotmack","OPEN_SOURCE"
"https://github.com/infiniflow/ragflow","2026-06-24T04:53:42.404Z","infiniflow","OPEN_SOURCE"
"https://github.com/netdata/netdata","2026-06-24T04:53:42.405Z","netdata","OPEN_SOURCE"
"https://github.com/lobehub/lobehub","2026-06-24T04:53:42.405Z","lobehub","OPEN_SOURCE"
"https://github.com/JuliusBrussee/caveman","2026-06-24T04:53:42.405Z","JuliusBrussee","OPEN_SOURCE"
"https://github.com/bytedance/deer-flow","2026-06-24T04:53:42.405Z","bytedance","OPEN_SOURCE"
"https://github.com/hiyouga/LlamaFactory","2026-06-24T04:53:42.405Z","hiyouga","OPEN_SOURCE"
"https://github.com/daytonaio/daytona","2026-06-24T04:53:42.405Z","daytonaio","OPEN_SOURCE"
"https://github.com/OpenBB-finance/OpenBB","2026-06-24T04:53:42.405Z","OpenBB-finance","OPEN_SOURCE"
"https://github.com/D4Vinci/Scrapling","2026-06-24T04:53:42.405Z","D4Vinci","OPEN_SOURCE"
"https://github.com/code-yeongyu/oh-my-openagent","2026-06-24T04:53:42.405Z","code-yeongyu","OPEN_SOURCE"
"https://github.com/docling-project/docling","2026-06-24T04:53:42.405Z","docling-project","OPEN_SOURCE"
"https://github.com/sansan0/TrendRadar","2026-06-24T04:53:42.405Z","sansan0","OPEN_SOURCE"
"https://github.com/shanraisshan/claude-code-best-practice","2026-06-24T04:53:42.405Z","shanraisshan","OPEN_SOURCE"
"https://github.com/mem0ai/mem0","2026-06-24T04:53:42.405Z","mem0ai","OPEN_SOURCE"
"https://github.com/koala73/worldmonitor","2026-06-24T04:53:42.405Z","koala73","OPEN_SOURCE"
"https://github.com/microsoft/autogen","2026-06-24T04:53:42.405Z","microsoft","OPEN_SOURCE"
"https://github.com/meilisearch/meilisearch","2026-06-24T04:53:42.405Z","meilisearch","OPEN_SOURCE"
"https://github.com/zylon-ai/private-gpt","2026-06-24T04:53:42.405Z","zylon-ai","OPEN_SOURCE"
"https://github.com/Fission-AI/OpenSpec","2026-06-24T04:53:42.405Z","Fission-AI","OPEN_SOURCE"
"https://github.com/MemPalace/mempalace","2026-06-24T04:53:42.405Z","MemPalace","OPEN_SOURCE"
"https://github.com/AntonOsika/gpt-engineer","2026-06-24T04:53:42.405Z","AntonOsika","OPEN_SOURCE"
"https://github.com/lencx/ChatGPT","2026-06-24T04:53:42.405Z","lencx","OPEN_SOURCE"
"https://github.com/crewAIInc/crewAI","2026-06-24T04:53:42.405Z","crewAIInc","OPEN_SOURCE"
"https://github.com/dbeaver/dbeaver","2026-06-24T04:53:42.405Z","dbeaver","OPEN_SOURCE"
"https://github.com/aaif-goose/goose","2026-06-24T04:53:42.405Z","aaif-goose","OPEN_SOURCE"
"https://github.com/Leonxlnx/taste-skill","2026-06-24T04:53:42.405Z","Leonxlnx","OPEN_SOURCE"
"https://github.com/headroomlabs-ai/headroom","2026-06-24T04:53:42.405Z","headroomlabs-ai","OPEN_SOURCE"
"https://github.com/microsoft/AI-For-Beginners","2026-06-24T04:53:42.405Z","microsoft","OPEN_SOURCE"
"https://github.com/ClickHouse/ClickHouse","2026-06-24T04:53:42.405Z","ClickHouse","OPEN_SOURCE"
"https://github.com/mudler/LocalAI","2026-06-24T04:53:42.405Z","mudler","OPEN_SOURCE"
"https://github.com/GitHubDaily/GitHubDaily","2026-06-24T04:53:42.405Z","GitHubDaily","OPEN_SOURCE"
"https://github.com/jeecgboot/JeecgBoot","2026-06-24T04:53:42.405Z","jeecgboot","OPEN_SOURCE"
"https://github.com/upscayl/upscayl","2026-06-24T04:53:42.405Z","upscayl","OPEN_SOURCE"
"https://github.com/zhayujie/CowAgent","2026-06-24T04:53:42.405Z","zhayujie","OPEN_SOURCE"
"https://github.com/asgeirtj/system_prompts_leaks","2026-06-24T04:53:42.405Z","asgeirtj","OPEN_SOURCE"
"https://github.com/HKUDS/nanobot","2026-06-24T04:53:42.405Z","HKUDS","OPEN_SOURCE"
"https://github.com/Kong/kong","2026-06-24T04:53:42.405Z","Kong","OPEN_SOURCE"
"https://github.com/elder-plinius/CL4R1T4S","2026-06-24T04:53:42.405Z","elder-plinius","OPEN_SOURCE"
"https://github.com/danielmiessler/Fabric","2026-06-24T04:53:42.405Z","danielmiessler","OPEN_SOURCE"
"https://github.com/hpcaitech/ColossalAI","2026-06-24T04:53:42.405Z","hpcaitech","OPEN_SOURCE"
"https://github.com/agno-agi/agno","2026-06-24T04:53:42.405Z","agno-agi","OPEN_SOURCE"
"https://github.com/pingcap/tidb","2026-06-24T04:53:42.405Z","pingcap","OPEN_SOURCE"
"https://github.com/photoprism/photoprism","2026-06-24T04:53:42.405Z","photoprism","OPEN_SOURCE"
"https://github.com/danny-avila/LibreChat","2026-06-24T04:53:42.405Z","danny-avila","OPEN_SOURCE"
"https://github.com/mindsdb/minds","2026-06-24T04:53:42.405Z","mindsdb","OPEN_SOURCE"
"https://github.com/QuivrHQ/quivr","2026-06-24T04:53:42.405Z","QuivrHQ","OPEN_SOURCE"
"https://github.com/RSSNext/Folo","2026-06-24T04:53:42.405Z","RSSNext","OPEN_SOURCE"
"https://github.com/google-research/google-research","2026-06-24T04:53:42.405Z","google-research","OPEN_SOURCE"
"https://github.com/LAION-AI/Open-Assistant","2026-06-24T04:53:42.405Z","LAION-AI","OPEN_SOURCE"
"https://github.com/babysor/MockingBird","2026-06-24T04:53:42.405Z","babysor","OPEN_SOURCE"
"https://github.com/reworkd/AgentGPT","2026-06-24T04:53:42.405Z","reworkd","OPEN_SOURCE"
"https://github.com/rohitg00/ai-engineering-from-scratch","2026-06-24T04:53:42.405Z","rohitg00","OPEN_SOURCE"
"https://github.com/patchy631/ai-engineering-hub","2026-06-24T04:53:42.405Z","patchy631","OPEN_SOURCE"
"https://github.com/github/awesome-copilot","2026-06-24T04:53:42.405Z","github","OPEN_SOURCE"
"https://github.com/langchain-ai/langgraph","2026-06-24T04:53:42.405Z","langchain-ai","OPEN_SOURCE"
"https://github.com/CopilotKit/CopilotKit","2026-06-24T04:53:42.405Z","CopilotKit","OPEN_SOURCE"
"https://github.com/khoj-ai/khoj","2026-06-24T04:53:42.405Z","khoj-ai","OPEN_SOURCE"
"https://github.com/AstrBotDevs/AstrBot","2026-06-24T04:53:42.405Z","AstrBotDevs","OPEN_SOURCE"
"https://github.com/continuedev/continue","2026-06-24T04:53:42.405Z","continuedev","OPEN_SOURCE"
"https://github.com/xitu/gold-miner","2026-06-24T04:53:42.405Z","xitu","OPEN_SOURCE"
"https://github.com/blakeblackshear/frigate","2026-06-24T04:53:42.405Z","blakeblackshear","OPEN_SOURCE"
"https://github.com/Pythagora-io/gpt-pilot","2026-06-24T04:53:42.405Z","Pythagora-io","OPEN_SOURCE"
"https://github.com/explosion/spaCy","2026-06-24T04:53:42.405Z","explosion","OPEN_SOURCE"
"https://github.com/TabbyML/tabby","2026-06-24T04:53:42.405Z","TabbyML","OPEN_SOURCE"
"https://github.com/VectifyAI/PageIndex","2026-06-24T04:53:42.405Z","VectifyAI","OPEN_SOURCE"
"https://github.com/jamiepine/voicebox","2026-06-24T04:53:42.405Z","jamiepine","OPEN_SOURCE"
"https://github.com/lutzroeder/netron","2026-06-24T04:53:42.405Z","lutzroeder","OPEN_SOURCE"
"https://github.com/DayuanJiang/next-ai-draw-io","2026-06-24T04:53:42.405Z","DayuanJiang","OPEN_SOURCE"
"https://github.com/zeroclaw-labs/zeroclaw","2026-06-24T04:53:42.405Z","zeroclaw-labs","OPEN_SOURCE"
"https://github.com/Lightning-AI/pytorch-lightning","2026-06-24T04:53:42.405Z","Lightning-AI","OPEN_SOURCE"
"https://github.com/AMAI-GmbH/AI-Expert-Roadmap","2026-06-24T04:53:42.405Z","AMAI-GmbH","OPEN_SOURCE"
"https://github.com/heygen-com/hyperframes","2026-06-24T04:53:42.405Z","heygen-com","OPEN_SOURCE"
"https://github.com/onyx-dot-app/onyx","2026-06-24T04:53:42.405Z","onyx-dot-app","OPEN_SOURCE"
"https://github.com/SillyTavern/SillyTavern","2026-06-24T04:53:42.405Z","SillyTavern","OPEN_SOURCE"
"https://github.com/JushBJJ/Mr.-Ranedeer-AI-Tutor","2026-06-24T04:53:42.405Z","JushBJJ","OPEN_SOURCE"
"https://github.com/Gitlawb/openclaude","2026-06-24T04:53:42.405Z","Gitlawb","OPEN_SOURCE"
"https://github.com/facefusion/facefusion","2026-06-24T04:53:42.405Z","facefusion","OPEN_SOURCE"
"https://github.com/ComposioHQ/composio","2026-06-24T04:53:46.780Z","ComposioHQ","OPEN_SOURCE"
"https://github.com/simstudioai/sim","2026-06-24T04:53:46.780Z","simstudioai","OPEN_SOURCE"
"https://github.com/iOfficeAI/AionUi","2026-06-24T04:53:46.780Z","iOfficeAI","OPEN_SOURCE"
"https://github.com/chroma-core/chroma","2026-06-24T04:53:46.780Z","chroma-core","OPEN_SOURCE"
"https://github.com/e2b-dev/awesome-ai-agents","2026-06-24T04:53:46.780Z","e2b-dev","OPEN_SOURCE"
"https://github.com/microsoft/semantic-kernel","2026-06-24T04:53:46.780Z","microsoft","OPEN_SOURCE"
"https://github.com/NirDiamant/RAG_Techniques","2026-06-24T04:53:46.780Z","NirDiamant","OPEN_SOURCE"
"https://github.com/svc-develop-team/so-vits-svc","2026-06-24T04:53:46.780Z","svc-develop-team","OPEN_SOURCE"
"https://github.com/The-Art-of-Hacking/h4cker","2026-06-24T04:53:46.780Z","The-Art-of-Hacking","OPEN_SOURCE"
"https://github.com/assafelovic/gpt-researcher","2026-06-24T04:53:46.780Z","assafelovic","OPEN_SOURCE"
"https://github.com/eyaltoledano/claude-task-master","2026-06-24T04:53:46.780Z","eyaltoledano","OPEN_SOURCE"
"https://github.com/openai/openai-agents-python","2026-06-24T04:53:46.780Z","openai","OPEN_SOURCE"
"https://github.com/mlflow/mlflow","2026-06-24T04:53:46.780Z","mlflow","OPEN_SOURCE"
"https://github.com/Fosowl/agenticSeek","2026-06-24T04:53:46.780Z","Fosowl","OPEN_SOURCE"
"https://github.com/yamadashy/repomix","2026-06-24T04:53:46.780Z","yamadashy","OPEN_SOURCE"
"https://github.com/modular/modular","2026-06-24T04:53:46.780Z","modular","OPEN_SOURCE"
"https://github.com/onlook-dev/onlook","2026-06-24T04:53:46.780Z","onlook-dev","OPEN_SOURCE"
"https://github.com/opendataloader-project/opendataloader-pdf","2026-06-24T04:53:46.780Z","opendataloader-project","OPEN_SOURCE"
"https://github.com/OtterMind/Chat2DB","2026-06-24T04:53:46.780Z","OtterMind","OPEN_SOURCE"
"https://github.com/go-kratos/kratos","2026-06-24T04:53:46.780Z","go-kratos","OPEN_SOURCE"
"https://github.com/oraios/serena","2026-06-24T04:53:46.780Z","oraios","OPEN_SOURCE"
"https://github.com/deepset-ai/haystack","2026-06-24T04:53:46.780Z","deepset-ai","OPEN_SOURCE"
"https://github.com/charmbracelet/crush","2026-06-24T04:53:46.780Z","charmbracelet","OPEN_SOURCE"
"https://github.com/mastra-ai/mastra","2026-06-24T04:53:46.780Z","mastra-ai","OPEN_SOURCE"
"https://github.com/langchain-ai/deepagents","2026-06-24T04:53:46.780Z","langchain-ai","OPEN_SOURCE"
"https://github.com/Max-Eee/NeoPass","2026-06-24T04:53:46.780Z","Max-Eee","OPEN_SOURCE"
"https://github.com/flipped-aurora/gin-vue-admin","2026-06-24T04:53:46.780Z","flipped-aurora","OPEN_SOURCE"
"https://github.com/plotly/dash","2026-06-24T04:53:46.780Z","plotly","OPEN_SOURCE"
"https://github.com/Kilo-Org/kilocode","2026-06-24T04:53:46.780Z","Kilo-Org","OPEN_SOURCE"
"https://github.com/cheahjs/free-llm-api-resources","2026-06-24T04:53:46.780Z","cheahjs","OPEN_SOURCE"
"https://github.com/rohitg00/agentmemory","2026-06-24T04:53:46.780Z","rohitg00","OPEN_SOURCE"
"https://github.com/vanna-ai/vanna","2026-06-24T04:53:46.780Z","vanna-ai","OPEN_SOURCE"
"https://github.com/sinaptik-ai/pandas-ai","2026-06-24T04:53:46.780Z","sinaptik-ai","OPEN_SOURCE"
"https://github.com/humanlayer/12-factor-agents","2026-06-24T04:53:46.780Z","humanlayer","OPEN_SOURCE"
"https://github.com/letta-ai/letta","2026-06-24T04:53:46.780Z","letta-ai","OPEN_SOURCE"
"https://github.com/browserbase/stagehand","2026-06-24T04:53:46.780Z","browserbase","OPEN_SOURCE"
"https://github.com/spmallick/learnopencv","2026-06-24T04:53:46.780Z","spmallick","OPEN_SOURCE"
"https://github.com/NirDiamant/GenAI_Agents","2026-06-24T04:53:46.780Z","NirDiamant","OPEN_SOURCE"
"https://github.com/micro/go-micro","2026-06-24T04:53:46.780Z","micro","OPEN_SOURCE"
"https://github.com/coleam00/Archon","2026-06-24T04:53:46.780Z","coleam00","OPEN_SOURCE"
"https://github.com/wandb/openui","2026-06-24T04:53:46.780Z","wandb","OPEN_SOURCE"
"https://github.com/BuilderIO/gpt-crawler","2026-06-24T04:53:46.780Z","BuilderIO","OPEN_SOURCE"
"https://github.com/Skyvern-AI/skyvern","2026-06-24T04:53:46.780Z","Skyvern-AI","OPEN_SOURCE"
"https://github.com/recommenders-team/recommenders","2026-06-24T04:53:46.780Z","recommenders-team","OPEN_SOURCE"
"https://github.com/huggingface/datasets","2026-06-24T04:53:46.780Z","huggingface","OPEN_SOURCE"
"https://github.com/onnx/onnx","2026-06-24T04:53:46.780Z","onnx","OPEN_SOURCE"
"https://github.com/qax-os/excelize","2026-06-24T04:53:46.780Z","qax-os","OPEN_SOURCE"
"https://github.com/vercel/chatbot","2026-06-24T04:53:46.780Z","vercel","OPEN_SOURCE"
"https://github.com/topoteretes/cognee","2026-06-24T04:53:46.780Z","topoteretes","OPEN_SOURCE"
"https://github.com/google/adk-python","2026-06-24T04:53:46.780Z","google","OPEN_SOURCE"
"https://github.com/cube-js/cube","2026-06-24T04:53:46.780Z","cube-js","OPEN_SOURCE"
"https://github.com/elder-plinius/L1B3RT4S","2026-06-24T04:53:46.780Z","elder-plinius","OPEN_SOURCE"
"https://github.com/dailydotdev/daily","2026-06-24T04:53:46.780Z","dailydotdev","OPEN_SOURCE"
"https://github.com/kortix-ai/suna","2026-06-24T04:53:46.780Z","kortix-ai","OPEN_SOURCE"
"https://github.com/SWE-agent/SWE-agent","2026-06-24T04:53:46.780Z","SWE-agent","OPEN_SOURCE"
"https://github.com/screenpipe/screenpipe","2026-06-24T04:53:46.780Z","screenpipe","OPEN_SOURCE"
"https://github.com/alibaba/page-agent","2026-06-24T04:53:46.780Z","alibaba","OPEN_SOURCE"
"https://github.com/nari-labs/dia","2026-06-24T04:53:46.780Z","nari-labs","OPEN_SOURCE"
"https://github.com/dzhng/deep-research","2026-06-24T04:53:46.780Z","dzhng","OPEN_SOURCE"
"https://github.com/JCodesMore/ai-website-cloner-template","2026-06-24T04:53:46.780Z","JCodesMore","OPEN_SOURCE"
"https://github.com/elizaOS/eliza","2026-06-24T04:53:46.780Z","elizaOS","OPEN_SOURCE"
"https://github.com/teambit/bit","2026-06-24T04:53:46.780Z","teambit","OPEN_SOURCE"
"https://github.com/meta-llama/llama-cookbook","2026-06-24T04:53:46.780Z","meta-llama","OPEN_SOURCE"
"https://github.com/iii-hq/iii","2026-06-24T04:53:46.781Z","iii-hq","OPEN_SOURCE"
"https://github.com/microsoft/AirSim","2026-06-24T04:53:46.781Z","microsoft","OPEN_SOURCE"
"https://github.com/agent0ai/agent-zero","2026-06-24T04:53:46.781Z","agent0ai","OPEN_SOURCE"
"https://github.com/stas00/ml-engineering","2026-06-24T04:53:46.781Z","stas00","OPEN_SOURCE"
"https://github.com/transitive-bullshit/agentic","2026-06-24T04:53:46.781Z","transitive-bullshit","OPEN_SOURCE"
"https://github.com/arc53/DocsGPT","2026-06-24T04:53:46.781Z","arc53","OPEN_SOURCE"
"https://github.com/nukeop/nuclear","2026-06-24T04:53:46.781Z","nukeop","OPEN_SOURCE"
"https://github.com/TransformerOptimus/SuperAGI","2026-06-24T04:53:46.781Z","TransformerOptimus","OPEN_SOURCE"
"https://github.com/leon-ai/leon","2026-06-24T04:53:46.781Z","leon-ai","OPEN_SOURCE"
"https://github.com/datawhalechina/easy-vibe","2026-06-24T04:53:46.781Z","datawhalechina","OPEN_SOURCE"
"https://github.com/dair-ai/ML-YouTube-Courses","2026-06-24T04:53:46.781Z","dair-ai","OPEN_SOURCE"
"https://github.com/google/magika","2026-06-24T04:53:46.781Z","google","OPEN_SOURCE"
"https://github.com/xx025/carrot","2026-06-24T04:53:46.781Z","xx025","OPEN_SOURCE"
"https://github.com/Tencent/WeKnora","2026-06-24T04:53:46.781Z","Tencent","OPEN_SOURCE"
"https://github.com/Infrasys-AI/AISystem","2026-06-24T04:53:46.781Z","Infrasys-AI","OPEN_SOURCE"
"https://github.com/AsyncFuncAI/deepwiki-open","2026-06-24T04:53:46.781Z","AsyncFuncAI","OPEN_SOURCE"
"https://github.com/kubesphere/kubesphere","2026-06-24T04:53:46.781Z","kubesphere","OPEN_SOURCE"
"https://github.com/mayooear/ai-pdf-chatbot-langchain","2026-06-24T04:53:46.781Z","mayooear","OPEN_SOURCE"
"https://github.com/calesthio/OpenMontage","2026-06-24T04:53:46.781Z","calesthio","OPEN_SOURCE"
"https://github.com/udecode/plate","2026-06-24T04:53:46.781Z","udecode","OPEN_SOURCE"
"https://github.com/liyupi/ai-guide","2026-06-24T04:53:46.781Z","liyupi","OPEN_SOURCE"
"https://github.com/danielmiessler/LifeOS","2026-06-24T04:53:46.781Z","danielmiessler","OPEN_SOURCE"
"https://github.com/camenduru/stable-diffusion-webui-colab","2026-06-24T04:53:46.781Z","camenduru","OPEN_SOURCE"
"https://github.com/ahmedkhaleel2004/gitdiagram","2026-06-24T04:53:46.781Z","ahmedkhaleel2004","OPEN_SOURCE"
"https://github.com/googleapis/mcp-toolbox","2026-06-24T04:53:46.781Z","googleapis","OPEN_SOURCE"
"https://github.com/treeverse/dvc","2026-06-24T04:53:46.781Z","treeverse","OPEN_SOURCE"
"https://github.com/memvid/memvid","2026-06-24T04:53:46.781Z","memvid","OPEN_SOURCE"
"https://github.com/apache/doris","2026-06-24T04:53:46.781Z","apache","OPEN_SOURCE"
"https://github.com/plandex-ai/plandex","2026-06-24T04:53:46.781Z","plandex-ai","OPEN_SOURCE"
"https://github.com/triggerdotdev/trigger.dev","2026-06-24T04:53:46.781Z","triggerdotdev","OPEN_SOURCE"
"https://github.com/MemoriLabs/Memori","2026-06-24T04:53:46.781Z","MemoriLabs","OPEN_SOURCE"
"https://github.com/steipete/CodexBar","2026-06-24T04:53:46.781Z","steipete","OPEN_SOURCE"
"https://github.com/GLips/Figma-Context-MCP","2026-06-24T04:53:46.781Z","GLips","OPEN_SOURCE"
"https://github.com/WEIFENG2333/VideoCaptioner","2026-06-24T04:53:46.781Z","WEIFENG2333","OPEN_SOURCE"
"https://github.com/MODSetter/SurfSense","2026-06-24T04:53:46.781Z","MODSetter","OPEN_SOURCE"
"https://github.com/rowboatlabs/rowboat","2026-06-24T04:53:46.781Z","rowboatlabs","OPEN_SOURCE"
"https://github.com/n8n-io/self-hosted-ai-starter-kit","2026-06-24T04:53:46.781Z","n8n-io","OPEN_SOURCE"
"https://github.com/owainlewis/awesome-artificial-intelligence","2026-06-24T04:53:51.544Z","owainlewis","OPEN_SOURCE"
"https://github.com/coderamp-labs/gitingest","2026-06-24T04:53:51.544Z","coderamp-labs","OPEN_SOURCE"
"https://github.com/xcanwin/KeepChatGPT","2026-06-24T04:53:51.544Z","xcanwin","OPEN_SOURCE"
"https://github.com/wasp-lang/open-saas","2026-06-24T04:53:51.544Z","wasp-lang","OPEN_SOURCE"
"https://github.com/botpress/botpress","2026-06-24T04:53:51.544Z","botpress","OPEN_SOURCE"
"https://github.com/jujumilk3/leaked-system-prompts","2026-06-24T04:53:51.544Z","jujumilk3","OPEN_SOURCE"
"https://github.com/electerm/electerm","2026-06-24T04:53:51.544Z","electerm","OPEN_SOURCE"
"https://github.com/kyegomez/OpenMythos","2026-06-24T04:53:51.544Z","kyegomez","OPEN_SOURCE"
"https://github.com/carla-simulator/carla","2026-06-24T04:53:51.544Z","carla-simulator","OPEN_SOURCE"
"https://github.com/visenger/awesome-mlops","2026-06-24T04:53:51.544Z","visenger","OPEN_SOURCE"
"https://github.com/web-infra-dev/midscene","2026-06-24T04:53:51.544Z","web-infra-dev","OPEN_SOURCE"
"https://github.com/microsoft/RD-Agent","2026-06-24T04:53:51.544Z","microsoft","OPEN_SOURCE"
"https://github.com/SawyerHood/draw-a-ui","2026-06-24T04:53:51.544Z","SawyerHood","OPEN_SOURCE"
"https://github.com/Lightning-AI/litgpt","2026-06-24T04:53:51.544Z","Lightning-AI","OPEN_SOURCE"
"https://github.com/T8RIN/ImageToolbox","2026-06-24T04:53:51.544Z","T8RIN","OPEN_SOURCE"
"https://github.com/nanobrowser/nanobrowser","2026-06-24T04:53:51.544Z","nanobrowser","OPEN_SOURCE"
"https://github.com/opencode-ai/opencode","2026-06-24T04:53:51.544Z","opencode-ai","OPEN_SOURCE"
"https://github.com/pipecat-ai/pipecat","2026-06-24T04:53:51.544Z","pipecat-ai","OPEN_SOURCE"
"https://github.com/cocktailpeanut/dalai","2026-06-24T04:53:51.544Z","cocktailpeanut","OPEN_SOURCE"
"https://github.com/Arindam200/awesome-ai-apps","2026-06-24T04:53:51.544Z","Arindam200","OPEN_SOURCE"
"https://github.com/xszyou/Fay","2026-06-24T04:53:51.544Z","xszyou","OPEN_SOURCE"
"https://github.com/Zackriya-Solutions/meetily","2026-06-24T04:53:51.544Z","Zackriya-Solutions","OPEN_SOURCE"
"https://github.com/BasedHardware/omi","2026-06-24T04:53:51.544Z","BasedHardware","OPEN_SOURCE"
"https://github.com/puckeditor/puck","2026-06-24T04:53:51.544Z","puckeditor","OPEN_SOURCE"
"https://github.com/e2b-dev/E2B","2026-06-24T04:53:51.544Z","e2b-dev","OPEN_SOURCE"
"https://github.com/neuml/txtai","2026-06-24T04:53:51.544Z","neuml","OPEN_SOURCE"
"https://github.com/fathah/hermes-desktop","2026-06-24T04:53:51.544Z","fathah","OPEN_SOURCE"
"https://github.com/Usagi-org/ai-goofish-monitor","2026-06-24T04:53:51.544Z","Usagi-org","OPEN_SOURCE"
"https://github.com/dair-ai/AI-Papers-of-the-Week","2026-06-24T04:53:51.544Z","dair-ai","OPEN_SOURCE"
"https://github.com/StarTrail-org/LEANN","2026-06-24T04:53:51.544Z","StarTrail-org","OPEN_SOURCE"
"https://github.com/NoFxAiOS/nofx","2026-06-24T04:53:51.544Z","NoFxAiOS","OPEN_SOURCE"
"https://github.com/willwulfken/MidJourney-Styles-and-Keywords-Reference","2026-06-24T04:53:51.544Z","willwulfken","OPEN_SOURCE"
"https://github.com/steven2358/awesome-generative-ai","2026-06-24T04:53:51.544Z","steven2358","OPEN_SOURCE"
"https://github.com/zoicware/RemoveWindowsAI","2026-06-24T04:53:51.544Z","zoicware","OPEN_SOURCE"
"https://github.com/simonw/llm","2026-06-24T04:53:51.544Z","simonw","OPEN_SOURCE"
"https://github.com/jlcodes99/cockpit-tools","2026-06-24T04:53:51.544Z","jlcodes99","OPEN_SOURCE"
"https://github.com/h2oai/h2ogpt","2026-06-24T04:53:51.544Z","h2oai","OPEN_SOURCE"
"https://github.com/InsForge/InsForge","2026-06-24T04:53:51.544Z","InsForge","OPEN_SOURCE"
"https://github.com/cloudwego/eino","2026-06-24T04:53:51.544Z","cloudwego","OPEN_SOURCE"
"https://github.com/tadata-org/fastapi_mcp","2026-06-24T04:53:51.544Z","tadata-org","OPEN_SOURCE"
"https://github.com/Open-LLM-VTuber/Open-LLM-VTuber","2026-06-24T04:53:51.544Z","Open-LLM-VTuber","OPEN_SOURCE"
"https://github.com/tensorzero/tensorzero","2026-06-24T04:53:51.544Z","tensorzero","OPEN_SOURCE"
"https://github.com/opensandbox-group/OpenSandbox","2026-06-24T04:53:51.544Z","opensandbox-group","OPEN_SOURCE"
"https://github.com/microsoft/agent-framework","2026-06-24T04:53:51.544Z","microsoft","OPEN_SOURCE"
"https://github.com/EmbraceAGI/awesome-chatgpt-zh","2026-06-24T04:53:51.544Z","EmbraceAGI","OPEN_SOURCE"
"https://github.com/YaoFANGUK/video-subtitle-remover","2026-06-24T04:53:51.544Z","YaoFANGUK","OPEN_SOURCE"
"https://github.com/dataelement/bisheng","2026-06-24T04:53:51.544Z","dataelement","OPEN_SOURCE"
"https://github.com/elie222/inbox-zero","2026-06-24T04:53:51.544Z","elie222","OPEN_SOURCE"
"https://github.com/datalab-to/chandra","2026-06-24T04:53:51.544Z","datalab-to","OPEN_SOURCE"
"https://github.com/microsoft/promptflow","2026-06-24T04:53:51.544Z","microsoft","OPEN_SOURCE"
"https://github.com/tambo-ai/tambo","2026-06-24T04:53:51.544Z","tambo-ai","OPEN_SOURCE"
"https://github.com/wandb/wandb","2026-06-24T04:53:51.544Z","wandb","OPEN_SOURCE"
"https://github.com/livekit/agents","2026-06-24T04:53:51.544Z","livekit","OPEN_SOURCE"
"https://github.com/bytebot-ai/bytebot","2026-06-24T04:53:51.544Z","bytebot-ai","OPEN_SOURCE"
"https://github.com/humanlayer/humanlayer","2026-06-24T04:53:51.544Z","humanlayer","OPEN_SOURCE"
"https://github.com/CoplayDev/unity-mcp","2026-06-24T04:53:51.544Z","CoplayDev","OPEN_SOURCE"
"https://github.com/getumbrel/llama-gpt","2026-06-24T04:53:51.544Z","getumbrel","OPEN_SOURCE"
"https://github.com/google/dopamine","2026-06-24T04:53:51.544Z","google","OPEN_SOURCE"
"https://github.com/ValueCell-ai/valuecell","2026-06-24T04:53:51.544Z","ValueCell-ai","OPEN_SOURCE"
"https://github.com/codota/TabNine","2026-06-24T04:53:51.544Z","codota","OPEN_SOURCE"
"https://github.com/go-vgo/robotgo","2026-06-24T04:53:51.544Z","go-vgo","OPEN_SOURCE"
"https://github.com/TEN-framework/ten-framework","2026-06-24T04:53:51.544Z","TEN-framework","OPEN_SOURCE"
"https://github.com/Mail-0/Zero","2026-06-24T04:53:51.544Z","Mail-0","OPEN_SOURCE"
"https://github.com/XiaomiMiMo/MiMo-Code","2026-06-24T04:53:51.544Z","XiaomiMiMo","OPEN_SOURCE"
"https://github.com/cocoindex-io/cocoindex","2026-06-24T04:53:51.544Z","cocoindex-io","OPEN_SOURCE"
"https://github.com/HBAI-Ltd/Toonflow-app","2026-06-24T04:53:51.544Z","HBAI-Ltd","OPEN_SOURCE"
"https://github.com/openvinotoolkit/openvino","2026-06-24T04:53:51.544Z","openvinotoolkit","OPEN_SOURCE"
"https://github.com/calesthio/Crucix","2026-06-24T04:53:51.544Z","calesthio","OPEN_SOURCE"
"https://github.com/sfyc23/EverydayWechat","2026-06-24T04:53:51.544Z","sfyc23","OPEN_SOURCE"
"https://github.com/sigoden/aichat","2026-06-24T04:53:51.544Z","sigoden","OPEN_SOURCE"
"https://github.com/Netflix/metaflow","2026-06-24T04:53:51.544Z","Netflix","OPEN_SOURCE"
"https://github.com/mcp-use/mcp-use","2026-06-24T04:53:51.544Z","mcp-use","OPEN_SOURCE"
"https://github.com/langchain-ai/open-swe","2026-06-24T04:53:51.544Z","langchain-ai","OPEN_SOURCE"
"https://github.com/Orchestra-Research/AI-Research-SKILLs","2026-06-24T04:53:51.544Z","Orchestra-Research","OPEN_SOURCE"
"https://github.com/MemTensor/MemOS","2026-06-24T04:53:51.544Z","MemTensor","OPEN_SOURCE"
"https://github.com/microsoft/magentic-ui","2026-06-24T04:53:51.544Z","microsoft","OPEN_SOURCE"
"https://github.com/drivendataorg/cookiecutter-data-science","2026-06-24T04:53:51.544Z","drivendataorg","OPEN_SOURCE"
"https://github.com/0x4m4/hexstrike-ai","2026-06-24T04:53:51.544Z","0x4m4","OPEN_SOURCE"
"https://github.com/chaitin/PandaWiki","2026-06-24T04:53:51.544Z","chaitin","OPEN_SOURCE"
"https://github.com/sktime/sktime","2026-06-24T04:53:51.544Z","sktime","OPEN_SOURCE"
"https://github.com/VoltAgent/voltagent","2026-06-24T04:53:51.544Z","VoltAgent","OPEN_SOURCE"
"https://github.com/AgriciDaniel/claude-seo","2026-06-24T04:53:51.544Z","AgriciDaniel","OPEN_SOURCE"
"https://github.com/mrexodia/ida-pro-mcp","2026-06-24T04:53:51.544Z","mrexodia","OPEN_SOURCE"
"https://github.com/friuns2/BlackFriday-GPTs-Prompts","2026-06-24T04:53:51.544Z","friuns2","OPEN_SOURCE"
"https://github.com/olistic/warriorjs","2026-06-24T04:53:51.544Z","olistic","OPEN_SOURCE"
"https://github.com/frankbria/ralph-claude-code","2026-06-24T04:53:51.544Z","frankbria","OPEN_SOURCE"
"https://github.com/tmc/langchaingo","2026-06-24T04:53:51.544Z","tmc","OPEN_SOURCE"
"https://github.com/replicate/cog","2026-06-24T04:53:51.544Z","replicate","OPEN_SOURCE"
"https://github.com/kyrolabs/awesome-langchain","2026-06-24T04:53:51.544Z","kyrolabs","OPEN_SOURCE"
"https://github.com/PeterL1n/RobustVideoMatting","2026-06-24T04:53:51.544Z","PeterL1n","OPEN_SOURCE"
"https://github.com/databendlabs/databend","2026-06-24T04:53:51.544Z","databendlabs","OPEN_SOURCE"
"https://github.com/activeloopai/deeplake","2026-06-24T04:53:51.544Z","activeloopai","OPEN_SOURCE"
"https://github.com/evilsocket/pwnagotchi","2026-06-24T04:53:51.544Z","evilsocket","OPEN_SOURCE"
"https://github.com/walkinglabs/learn-harness-engineering","2026-06-24T04:53:51.544Z","walkinglabs","OPEN_SOURCE"
"https://github.com/pipipi-pikachu/PPTist","2026-06-24T04:53:51.544Z","pipipi-pikachu","OPEN_SOURCE"
"https://github.com/ai-collection/ai-collection","2026-06-24T04:53:51.544Z","ai-collection","OPEN_SOURCE"
"https://github.com/dice2o/BingGPT","2026-06-24T04:53:51.544Z","dice2o","OPEN_SOURCE"
"https://github.com/lencx/Noi","2026-06-24T04:53:51.544Z","lencx","OPEN_SOURCE"
"https://github.com/ykdojo/claude-code-tips","2026-06-24T04:53:51.544Z","ykdojo","OPEN_SOURCE"
"https://github.com/datawhalechina/all-in-rag","2026-06-24T04:53:51.544Z","datawhalechina","OPEN_SOURCE"
"https://github.com/Future-House/paper-qa","2026-06-24T04:53:56.289Z","Future-House","OPEN_SOURCE"
"https://github.com/nhivp/Awesome-Embedded","2026-06-24T04:53:56.289Z","nhivp","OPEN_SOURCE"
"https://github.com/microsoft/TypeChat","2026-06-24T04:53:56.289Z","microsoft","OPEN_SOURCE"
"https://github.com/brokermr810/QuantDinger","2026-06-24T04:53:56.289Z","brokermr810","OPEN_SOURCE"
"https://github.com/EverMind-AI/EverOS","2026-06-24T04:53:56.289Z","EverMind-AI","OPEN_SOURCE"
"https://github.com/JOYCEQL/magic-resume","2026-06-24T04:53:56.289Z","JOYCEQL","OPEN_SOURCE"
"https://github.com/iflytek/astron-agent","2026-06-24T04:53:56.289Z","iflytek","OPEN_SOURCE"
"https://github.com/rockbenben/ChatGPT-Shortcut","2026-06-24T04:53:56.289Z","rockbenben","OPEN_SOURCE"
"https://github.com/reorproject/reor","2026-06-24T04:53:56.289Z","reorproject","OPEN_SOURCE"
"https://github.com/netease-youdao/EmotiVoice","2026-06-24T04:53:56.289Z","netease-youdao","OPEN_SOURCE"
"https://github.com/alirezadir/Machine-Learning-Interviews","2026-06-24T04:53:56.289Z","alirezadir","OPEN_SOURCE"
"https://github.com/LykosAI/StabilityMatrix","2026-06-24T04:53:56.289Z","LykosAI","OPEN_SOURCE"
"https://github.com/lastmile-ai/mcp-agent","2026-06-24T04:53:56.289Z","lastmile-ai","OPEN_SOURCE"
"https://github.com/facebookarchive/caffe2","2026-06-24T04:53:56.289Z","facebookarchive","OPEN_SOURCE"
"https://github.com/nebuly-ai/optimate","2026-06-24T04:53:56.289Z","nebuly-ai","OPEN_SOURCE"
"https://github.com/Maciek-roboblog/Claude-Code-Usage-Monitor","2026-06-24T04:53:56.289Z","Maciek-roboblog","OPEN_SOURCE"
"https://github.com/MervinPraison/PraisonAI","2026-06-24T04:53:56.289Z","MervinPraison","OPEN_SOURCE"
"https://github.com/google/adk-go","2026-06-24T04:53:56.289Z","google","OPEN_SOURCE"
"https://github.com/idosal/git-mcp","2026-06-24T04:53:56.289Z","idosal","OPEN_SOURCE"
"https://github.com/NVIDIA/garak","2026-06-24T04:53:56.289Z","NVIDIA","OPEN_SOURCE"
"https://github.com/carson-katri/dream-textures","2026-06-24T04:53:56.289Z","carson-katri","OPEN_SOURCE"
"https://github.com/bytedance/flowgram.ai","2026-06-24T04:53:56.289Z","bytedance","OPEN_SOURCE"
"https://github.com/leptonai/search_with_lepton","2026-06-24T04:53:56.289Z","leptonai","OPEN_SOURCE"
"https://github.com/yizhiyanhua-ai/fireworks-tech-graph","2026-06-24T04:53:56.289Z","yizhiyanhua-ai","OPEN_SOURCE"
"https://github.com/jeecgboot/jimureport","2026-06-24T04:53:56.289Z","jeecgboot","OPEN_SOURCE"
"https://github.com/GetStream/Vision-Agents","2026-06-24T04:53:56.289Z","GetStream","OPEN_SOURCE"
"https://github.com/nadermx/backgroundremover","2026-06-24T04:53:56.289Z","nadermx","OPEN_SOURCE"
"https://github.com/iOfficeAI/OfficeCLI","2026-06-24T04:53:56.289Z","iOfficeAI","OPEN_SOURCE"
"https://github.com/k8sgpt-ai/k8sgpt","2026-06-24T04:53:56.289Z","k8sgpt-ai","OPEN_SOURCE"
"https://github.com/TheLastBen/fast-stable-diffusion","2026-06-24T04:53:56.289Z","TheLastBen","OPEN_SOURCE"
"https://github.com/microsoft/ailab","2026-06-24T04:53:56.289Z","microsoft","OPEN_SOURCE"
"https://github.com/firerpa/lamda","2026-06-24T04:53:56.289Z","firerpa","OPEN_SOURCE"
"https://github.com/recastnavigation/recastnavigation","2026-06-24T04:53:56.289Z","recastnavigation","OPEN_SOURCE"
"https://github.com/coroot/coroot","2026-06-24T04:53:56.289Z","coroot","OPEN_SOURCE"
"https://github.com/liyupi/codefather","2026-06-24T04:53:56.289Z","liyupi","OPEN_SOURCE"
"https://github.com/0xPlaygrounds/rig","2026-06-24T04:53:56.289Z","0xPlaygrounds","OPEN_SOURCE"
"https://github.com/nullclaw/nullclaw","2026-06-24T04:53:56.289Z","nullclaw","OPEN_SOURCE"
"https://github.com/sweepai/sweep","2026-06-24T04:53:56.289Z","sweepai","OPEN_SOURCE"
"https://github.com/1jehuang/jcode","2026-06-24T04:53:56.289Z","1jehuang","OPEN_SOURCE"
"https://github.com/NirDiamant/Prompt_Engineering","2026-06-24T04:53:56.289Z","NirDiamant","OPEN_SOURCE"
"https://github.com/YaoApp/yao","2026-06-24T04:53:56.289Z","YaoApp","OPEN_SOURCE"
"https://github.com/Narcooo/inkos","2026-06-24T04:53:56.289Z","Narcooo","OPEN_SOURCE"
"https://github.com/GoogleCloudPlatform/kubectl-ai","2026-06-24T04:53:56.289Z","GoogleCloudPlatform","OPEN_SOURCE"
"https://github.com/ValueCell-ai/ClawX","2026-06-24T04:53:56.289Z","ValueCell-ai","OPEN_SOURCE"
"https://github.com/mufeedvh/code2prompt","2026-06-24T04:53:56.289Z","mufeedvh","OPEN_SOURCE"
"https://github.com/RayVentura/ShortGPT","2026-06-24T04:53:56.289Z","RayVentura","OPEN_SOURCE"
"https://github.com/di-sukharev/opencommit","2026-06-24T04:53:56.289Z","di-sukharev","OPEN_SOURCE"
"https://github.com/aidenybai/react-grab","2026-06-24T04:53:56.289Z","aidenybai","OPEN_SOURCE"
"https://github.com/crynta/terax-ai","2026-06-24T04:53:56.289Z","crynta","OPEN_SOURCE"
"https://github.com/apache/hertzbeat","2026-06-24T04:53:56.289Z","apache","OPEN_SOURCE"
"https://github.com/alirezamika/autoscraper","2026-06-24T04:53:56.289Z","alirezamika","OPEN_SOURCE"
"https://github.com/thesysdev/openui","2026-06-24T04:53:56.289Z","thesysdev","OPEN_SOURCE"
"https://github.com/logancyang/obsidian-copilot","2026-06-24T04:53:56.289Z","logancyang","OPEN_SOURCE"
"https://github.com/AbdullahAlfaraj/Auto-Photoshop-StableDiffusion-Plugin","2026-06-24T04:53:56.289Z","AbdullahAlfaraj","OPEN_SOURCE"
"https://github.com/AgentDeskAI/browser-tools-mcp","2026-06-24T04:53:56.289Z","AgentDeskAI","OPEN_SOURCE"
"https://github.com/steel-dev/steel-browser","2026-06-24T04:53:56.289Z","steel-dev","OPEN_SOURCE"
"https://github.com/civitai/civitai","2026-06-24T04:53:56.289Z","civitai","OPEN_SOURCE"
"https://github.com/mnfst/manifest","2026-06-24T04:53:56.289Z","mnfst","OPEN_SOURCE"
"https://github.com/wzpan/wukong-robot","2026-06-24T04:53:56.289Z","wzpan","OPEN_SOURCE"
"https://github.com/guardrails-ai/guardrails","2026-06-24T04:53:56.289Z","guardrails-ai","OPEN_SOURCE"
"https://github.com/flwrlabs/flower","2026-06-24T04:53:56.289Z","flwrlabs","OPEN_SOURCE"
"https://github.com/deeppavlov/DeepPavlov","2026-06-24T04:53:56.289Z","deeppavlov","OPEN_SOURCE"
"https://github.com/vespa-engine/vespa","2026-06-24T04:53:56.289Z","vespa-engine","OPEN_SOURCE"
"https://github.com/ogulcancelik/herdr","2026-06-24T04:53:56.289Z","ogulcancelik","OPEN_SOURCE"
"https://github.com/mylxsw/aidea","2026-06-24T04:53:56.289Z","mylxsw","OPEN_SOURCE"
"https://github.com/interpretml/interpret","2026-06-24T04:53:56.289Z","interpretml","OPEN_SOURCE"
"https://github.com/kyegomez/swarms","2026-06-24T04:53:56.289Z","kyegomez","OPEN_SOURCE"
"https://github.com/grab/cursor-talk-to-figma-mcp","2026-06-24T04:53:56.289Z","grab","OPEN_SOURCE"
"https://github.com/mishushakov/llm-scraper","2026-06-24T04:53:56.289Z","mishushakov","OPEN_SOURCE"
"https://github.com/postgresml/postgresml","2026-06-24T04:53:56.289Z","postgresml","OPEN_SOURCE"
"https://github.com/clearml/clearml","2026-06-24T04:53:56.289Z","clearml","OPEN_SOURCE"
"https://github.com/nraiden/cofounder","2026-06-24T04:53:56.289Z","nraiden","OPEN_SOURCE"
"https://github.com/superagent-ai/superagent","2026-06-24T04:53:56.289Z","superagent-ai","OPEN_SOURCE"
"https://github.com/firebase/firebase-ios-sdk","2026-06-24T04:53:56.289Z","firebase","OPEN_SOURCE"
"https://github.com/MycroftAI/mycroft-core","2026-06-24T04:53:56.289Z","MycroftAI","OPEN_SOURCE"
"https://github.com/julep-ai/julep","2026-06-24T04:53:56.289Z","julep-ai","OPEN_SOURCE"
"https://github.com/Moonvy/OpenPromptStudio","2026-06-24T04:53:56.289Z","Moonvy","OPEN_SOURCE"
"https://github.com/dair-ai/ML-Course-Notes","2026-06-24T04:53:56.289Z","dair-ai","OPEN_SOURCE"
"https://github.com/BlockRunAI/ClawRouter","2026-06-24T04:53:56.289Z","BlockRunAI","OPEN_SOURCE"
"https://github.com/vynect/venom","2026-06-24T04:53:56.289Z","vynect","OPEN_SOURCE"
"https://github.com/thewh1teagle/vibe","2026-06-24T04:53:56.289Z","thewh1teagle","OPEN_SOURCE"
"https://github.com/crestalnetwork/intentkit","2026-06-24T04:53:56.289Z","crestalnetwork","OPEN_SOURCE"
"https://github.com/lintsinghua/DeepAudit","2026-06-24T04:53:56.289Z","lintsinghua","OPEN_SOURCE"
"https://github.com/airweave-ai/airweave","2026-06-24T04:53:56.289Z","airweave-ai","OPEN_SOURCE"
"https://github.com/interstellard/chatgpt-advanced","2026-06-24T04:53:56.289Z","interstellard","OPEN_SOURCE"
"https://github.com/faridrashidi/kaggle-solutions","2026-06-24T04:53:56.289Z","faridrashidi","OPEN_SOURCE"
"https://github.com/AgriciDaniel/claude-ads","2026-06-24T04:53:56.289Z","AgriciDaniel","OPEN_SOURCE"
"https://github.com/NeoVertex1/SuperPrompt","2026-06-24T04:53:56.289Z","NeoVertex1","OPEN_SOURCE"
"https://github.com/lavague-ai/LaVague","2026-06-24T04:53:56.289Z","lavague-ai","OPEN_SOURCE"
"https://github.com/11cafe/jaaz","2026-06-24T04:53:56.289Z","11cafe","OPEN_SOURCE"
"https://github.com/leejet/stable-diffusion.cpp","2026-06-24T04:53:56.289Z","leejet","OPEN_SOURCE"
"https://github.com/e2b-dev/fragments","2026-06-24T04:53:56.289Z","e2b-dev","OPEN_SOURCE"
"https://github.com/aisingapore/TagUI","2026-06-24T04:53:56.289Z","aisingapore","OPEN_SOURCE"
"https://github.com/sindresorhus/awesome-chatgpt","2026-06-24T04:53:56.289Z","sindresorhus","OPEN_SOURCE"
"https://github.com/multimodal-art-projection/YuE","2026-06-24T04:53:56.289Z","multimodal-art-projection","OPEN_SOURCE"
"https://github.com/strands-agents/harness-sdk","2026-06-24T04:53:56.289Z","strands-agents","OPEN_SOURCE"
"https://github.com/steipete/summarize","2026-06-24T04:53:56.289Z","steipete","OPEN_SOURCE"
"https://github.com/JerryZLiu/Dayflow","2026-06-24T04:53:56.289Z","JerryZLiu","OPEN_SOURCE"
"https://github.com/swyxio/ai-notes","2026-06-24T04:53:56.289Z","swyxio","OPEN_SOURCE"
"https://github.com/CursorTouch/Windows-MCP","2026-06-24T04:53:56.289Z","CursorTouch","OPEN_SOURCE"
"https://github.com/wonderwhy-er/DesktopCommanderMCP","2026-06-24T04:54:00.731Z","wonderwhy-er","OPEN_SOURCE"
"https://github.com/open-pencil/open-pencil","2026-06-24T04:54:00.731Z","open-pencil","OPEN_SOURCE"
"https://github.com/dair-ai/Mathematics-for-ML","2026-06-24T04:54:00.731Z","dair-ai","OPEN_SOURCE"
"https://github.com/PrefectHQ/marvin","2026-06-24T04:54:00.731Z","PrefectHQ","OPEN_SOURCE"
"https://github.com/aimhubio/aim","2026-06-24T04:54:00.731Z","aimhubio","OPEN_SOURCE"
"https://github.com/rustformers/llm","2026-06-24T04:54:00.731Z","rustformers","OPEN_SOURCE"
"https://github.com/genkit-ai/genkit","2026-06-24T04:54:00.731Z","genkit-ai","OPEN_SOURCE"
"https://github.com/Sylinko/Everywhere","2026-06-24T04:54:00.731Z","Sylinko","OPEN_SOURCE"
"https://github.com/creativetimofficial/david-ai","2026-06-24T04:54:00.731Z","creativetimofficial","OPEN_SOURCE"
"https://github.com/Trusted-AI/adversarial-robustness-toolbox","2026-06-24T04:54:00.731Z","Trusted-AI","OPEN_SOURCE"
"https://github.com/ThinkInAIXYZ/deepchat","2026-06-24T04:54:00.731Z","ThinkInAIXYZ","OPEN_SOURCE"
"https://github.com/UfoMiao/zcf","2026-06-24T04:54:00.731Z","UfoMiao","OPEN_SOURCE"
"https://github.com/ikaijua/Awesome-AITools","2026-06-24T04:54:00.731Z","ikaijua","OPEN_SOURCE"
"https://github.com/op7418/CodePilot","2026-06-24T04:54:00.731Z","op7418","OPEN_SOURCE"
"https://github.com/EwingYangs/awesome-open-gpt","2026-06-24T04:54:00.731Z","EwingYangs","OPEN_SOURCE"
"https://github.com/rcourtman/Pulse","2026-06-24T04:54:00.731Z","rcourtman","OPEN_SOURCE"
"https://github.com/Eigenwise/atomic-agents","2026-06-24T04:54:00.731Z","Eigenwise","OPEN_SOURCE"
"https://github.com/snorkel-team/snorkel","2026-06-24T04:54:00.731Z","snorkel-team","OPEN_SOURCE"
"https://github.com/PawanOsman/ChatGPT","2026-06-24T04:54:00.731Z","PawanOsman","OPEN_SOURCE"
"https://github.com/Countly/countly-server","2026-06-24T04:54:00.731Z","Countly","OPEN_SOURCE"
"https://github.com/MadcowD/ell","2026-06-24T04:54:00.731Z","MadcowD","OPEN_SOURCE"
"https://github.com/lharries/whatsapp-mcp","2026-06-24T04:54:00.731Z","lharries","OPEN_SOURCE"
"https://github.com/timescale/pgai","2026-06-24T04:54:00.731Z","timescale","OPEN_SOURCE"
"https://github.com/kucherenko/jscpd","2026-06-24T04:54:00.731Z","kucherenko","OPEN_SOURCE"
"https://github.com/clusterzx/paperless-ai","2026-06-24T04:54:00.731Z","clusterzx","OPEN_SOURCE"
"https://github.com/Klavis-AI/klavis","2026-06-24T04:54:00.731Z","Klavis-AI","OPEN_SOURCE"
"https://github.com/lauragift21/awesome-learning-resources","2026-06-24T04:54:00.731Z","lauragift21","OPEN_SOURCE"
"https://github.com/PySpur-Dev/pyspur","2026-06-24T04:54:00.731Z","PySpur-Dev","OPEN_SOURCE"
"https://github.com/jacklandrin/OnlySwitch","2026-06-24T04:54:00.731Z","jacklandrin","OPEN_SOURCE"
"https://github.com/ashishps1/learn-ai-engineering","2026-06-24T04:54:00.731Z","ashishps1","OPEN_SOURCE"
"https://github.com/zhouxiaoka/autoclip","2026-06-24T04:54:00.731Z","zhouxiaoka","OPEN_SOURCE"
"https://github.com/volcano-sh/volcano","2026-06-24T04:54:00.731Z","volcano-sh","OPEN_SOURCE"
"https://github.com/openchamber/openchamber","2026-06-24T04:54:00.731Z","openchamber","OPEN_SOURCE"
"https://github.com/ghuntley/how-to-build-a-coding-agent","2026-06-24T04:54:00.731Z","ghuntley","OPEN_SOURCE"
"https://github.com/vercel-labs/open-agents","2026-06-24T04:54:00.731Z","vercel-labs","OPEN_SOURCE"
"https://github.com/AgentOps-AI/agentops","2026-06-24T04:54:00.731Z","AgentOps-AI","OPEN_SOURCE"
"https://github.com/appcypher/awesome-mcp-servers","2026-06-24T04:54:00.731Z","appcypher","OPEN_SOURCE"
"https://github.com/fengshao1227/ccg-workflow","2026-06-24T04:54:00.731Z","fengshao1227","OPEN_SOURCE"
"https://github.com/liyupi/mianshiya","2026-06-24T04:54:00.731Z","liyupi","OPEN_SOURCE"
"https://github.com/coze-dev/coze-loop","2026-06-24T04:54:00.731Z","coze-dev","OPEN_SOURCE"
"https://github.com/datawhalechina/vibe-vibe","2026-06-24T04:54:00.731Z","datawhalechina","OPEN_SOURCE"
"https://github.com/antvis/Infographic","2026-06-24T04:54:00.731Z","antvis","OPEN_SOURCE"
"https://github.com/mahseema/awesome-ai-tools","2026-06-24T04:54:00.731Z","mahseema","OPEN_SOURCE"
"https://github.com/speedyapply/2026-AI-College-Jobs","2026-06-24T04:54:00.731Z","speedyapply","OPEN_SOURCE"
"https://github.com/memovai/mimiclaw","2026-06-24T04:54:00.731Z","memovai","OPEN_SOURCE"
"https://github.com/holaboss-ai/holaOS","2026-06-24T04:54:00.731Z","holaboss-ai","OPEN_SOURCE"
"https://github.com/plastic-labs/honcho","2026-06-24T04:54:00.731Z","plastic-labs","OPEN_SOURCE"
"https://github.com/HelixDB/helix-db","2026-06-24T04:54:00.731Z","HelixDB","OPEN_SOURCE"
"https://github.com/phodal/understand-prompt","2026-06-24T04:54:00.731Z","phodal","OPEN_SOURCE"
"https://github.com/zenml-io/zenml","2026-06-24T04:54:00.731Z","zenml-io","OPEN_SOURCE"
"https://github.com/qodo-ai/qodo-cover","2026-06-24T04:54:00.731Z","qodo-ai","OPEN_SOURCE"
"https://github.com/ageerle/ruoyi-ai","2026-06-24T04:54:00.731Z","ageerle","OPEN_SOURCE"
"https://github.com/TaskingAI/TaskingAI","2026-06-24T04:54:00.731Z","TaskingAI","OPEN_SOURCE"
"https://github.com/SWE-agent/mini-swe-agent","2026-06-24T04:54:00.731Z","SWE-agent","OPEN_SOURCE"
"https://github.com/cactus-compute/cactus","2026-06-24T04:54:00.731Z","cactus-compute","OPEN_SOURCE"
"https://github.com/BIT-DataLab/Edit-Banana","2026-06-24T04:54:00.731Z","BIT-DataLab","OPEN_SOURCE"
"https://github.com/winfunc/deepreasoning","2026-06-24T04:54:00.731Z","winfunc","OPEN_SOURCE"
"https://github.com/HisMax/RedInk","2026-06-24T04:54:00.731Z","HisMax","OPEN_SOURCE"
"https://github.com/vercel/streamdown","2026-06-24T04:54:00.731Z","vercel","OPEN_SOURCE"
"https://github.com/AAswordman/Operit","2026-06-24T04:54:00.731Z","AAswordman","OPEN_SOURCE"
"https://github.com/business-science/ai-data-science-team","2026-06-24T04:54:00.731Z","business-science","OPEN_SOURCE"
"https://github.com/AIDC-AI/ComfyUI-Copilot","2026-06-24T04:54:00.731Z","AIDC-AI","OPEN_SOURCE"
"https://github.com/superduper-io/superduper","2026-06-24T04:54:00.731Z","superduper-io","OPEN_SOURCE"
"https://github.com/ModelEngine-Group/nexent","2026-06-24T04:54:00.731Z","ModelEngine-Group","OPEN_SOURCE"
"https://github.com/BuilderIO/ai-shell","2026-06-24T04:54:00.731Z","BuilderIO","OPEN_SOURCE"
"https://github.com/microsoft/SynapseML","2026-06-24T04:54:00.731Z","microsoft","OPEN_SOURCE"
"https://github.com/CCOSTAN/Home-AssistantConfig","2026-06-24T04:54:00.731Z","CCOSTAN","OPEN_SOURCE"
"https://github.com/Andyyyy64/whichllm","2026-06-24T04:54:00.731Z","Andyyyy64","OPEN_SOURCE"
"https://github.com/modstart-lib/aigcpanel","2026-06-24T04:54:00.731Z","modstart-lib","OPEN_SOURCE"
"https://github.com/kelvins/awesome-mlops","2026-06-24T04:54:00.731Z","kelvins","OPEN_SOURCE"
"https://github.com/iflytek/astron-rpa","2026-06-24T04:54:00.731Z","iflytek","OPEN_SOURCE"
"https://github.com/sql-machine-learning/sqlflow","2026-06-24T04:54:00.731Z","sql-machine-learning","OPEN_SOURCE"
"https://github.com/cloudflare/agents","2026-06-24T04:54:00.731Z","cloudflare","OPEN_SOURCE"
"https://github.com/uditgoenka/autoresearch","2026-06-24T04:54:00.731Z","uditgoenka","OPEN_SOURCE"
"https://github.com/FunnyWolf/Viper","2026-06-24T04:54:00.731Z","FunnyWolf","OPEN_SOURCE"
"https://github.com/chatopera/Synonyms","2026-06-24T04:54:00.731Z","chatopera","OPEN_SOURCE"
"https://github.com/cloudflare/vibesdk","2026-06-24T04:54:00.731Z","cloudflare","OPEN_SOURCE"
"https://github.com/philz1337x/clarity-upscaler","2026-06-24T04:54:00.731Z","philz1337x","OPEN_SOURCE"
"https://github.com/OpenBMB/AgentVerse","2026-06-24T04:54:00.731Z","OpenBMB","OPEN_SOURCE"
"https://github.com/taubyte/tau","2026-06-24T04:54:00.731Z","taubyte","OPEN_SOURCE"
"https://github.com/tencentmusic/cube-studio","2026-06-24T04:54:00.731Z","tencentmusic","OPEN_SOURCE"
"https://github.com/hiyouga/EasyR1","2026-06-24T04:54:00.731Z","hiyouga","OPEN_SOURCE"
"https://github.com/GaiaNet-AI/gaianet-node","2026-06-24T04:54:00.731Z","GaiaNet-AI","OPEN_SOURCE"
"https://github.com/argilla-io/argilla","2026-06-24T04:54:00.731Z","argilla-io","OPEN_SOURCE"
"https://github.com/RICHQAQ/PasteMD","2026-06-24T04:54:00.731Z","RICHQAQ","OPEN_SOURCE"
"https://github.com/h2oai/h2o-llmstudio","2026-06-24T04:54:00.731Z","h2oai","OPEN_SOURCE"
"https://github.com/SolaceLabs/solace-agent-mesh","2026-06-24T04:54:00.731Z","SolaceLabs","OPEN_SOURCE"
"https://github.com/generalaction/emdash","2026-06-24T04:54:00.731Z","generalaction","OPEN_SOURCE"
"https://github.com/Hufe921/canvas-editor","2026-06-24T04:54:00.731Z","Hufe921","OPEN_SOURCE"
"https://github.com/MCP-UI-Org/mcp-ui","2026-06-24T04:54:00.731Z","MCP-UI-Org","OPEN_SOURCE"
"https://github.com/sktime/pytorch-forecasting","2026-06-24T04:54:00.731Z","sktime","OPEN_SOURCE"
"https://github.com/Stability-AI/StableSwarmUI","2026-06-24T04:54:00.731Z","Stability-AI","OPEN_SOURCE"
"https://github.com/Kiln-AI/Kiln","2026-06-24T04:54:00.731Z","Kiln-AI","OPEN_SOURCE"
"https://github.com/mock-server/mockserver-monorepo","2026-06-24T04:54:00.731Z","mock-server","OPEN_SOURCE"
"https://github.com/huggingface/speech-to-speech","2026-06-24T04:54:00.731Z","huggingface","OPEN_SOURCE"
"https://github.com/huggingface/text-embeddings-inference","2026-06-24T04:54:00.731Z","huggingface","OPEN_SOURCE"
"https://github.com/PetoiCamp/OpenCat-Quadruped-Robot","2026-06-24T04:54:00.731Z","PetoiCamp","OPEN_SOURCE"
"https://github.com/campfirein/byterover-cli","2026-06-24T04:54:00.731Z","campfirein","OPEN_SOURCE"
"https://github.com/thunlp/OpenPrompt","2026-06-24T04:54:00.731Z","thunlp","OPEN_SOURCE"
"https://github.com/dtyq/magic","2026-06-24T04:54:00.731Z","dtyq","OPEN_SOURCE"
"https://github.com/PeonPing/peon-ping","2026-06-24T04:54:05.169Z","PeonPing","OPEN_SOURCE"
"https://github.com/deepjavalibrary/djl","2026-06-24T04:54:05.169Z","deepjavalibrary","OPEN_SOURCE"
"https://github.com/aipotheosis-labs/aci","2026-06-24T04:54:05.169Z","aipotheosis-labs","OPEN_SOURCE"
"https://github.com/ParisNeo/lollms-webui","2026-06-24T04:54:05.169Z","ParisNeo","OPEN_SOURCE"
"https://github.com/openclaw/Peekaboo","2026-06-24T04:54:05.169Z","openclaw","OPEN_SOURCE"
"https://github.com/thunderbird/thunderbolt","2026-06-24T04:54:05.169Z","thunderbird","OPEN_SOURCE"
"https://github.com/tech-leads-club/agent-skills","2026-06-24T04:54:05.169Z","tech-leads-club","OPEN_SOURCE"
"https://github.com/ag2ai/ag2","2026-06-24T04:54:05.169Z","ag2ai","OPEN_SOURCE"
"https://github.com/Ed1s0nZ/CyberStrikeAI","2026-06-24T04:54:05.169Z","Ed1s0nZ","OPEN_SOURCE"
"https://github.com/getzep/zep","2026-06-24T04:54:05.169Z","getzep","OPEN_SOURCE"
"https://github.com/genesislab-io/beatai","2026-06-24T04:54:05.169Z","genesislab-io","OPEN_SOURCE"
"https://github.com/makcedward/nlpaug","2026-06-24T04:54:05.169Z","makcedward","OPEN_SOURCE"
"https://github.com/alirezadir/Production-Level-Deep-Learning","2026-06-24T04:54:05.169Z","alirezadir","OPEN_SOURCE"
"https://github.com/opensquilla/opensquilla","2026-06-24T04:54:05.169Z","opensquilla","OPEN_SOURCE"
"https://github.com/StarTrail-org/PixelRAG","2026-06-24T04:54:05.169Z","StarTrail-org","OPEN_SOURCE"
"https://github.com/Ironclad/rivet","2026-06-24T04:54:05.169Z","Ironclad","OPEN_SOURCE"
"https://github.com/Adam-CAD/CADAM","2026-06-24T04:54:05.169Z","Adam-CAD","OPEN_SOURCE"
"https://github.com/omnigent-ai/omnigent","2026-06-24T04:54:05.169Z","omnigent-ai","OPEN_SOURCE"
"https://github.com/lemonade-sdk/lemonade","2026-06-24T04:54:05.169Z","lemonade-sdk","OPEN_SOURCE"
"https://github.com/ant-design/x","2026-06-24T04:54:05.169Z","ant-design","OPEN_SOURCE"
"https://github.com/rasbt/reasoning-from-scratch","2026-06-24T04:54:05.169Z","rasbt","OPEN_SOURCE"
"https://github.com/changyeyu/LLM-RL-Visualized","2026-06-24T04:54:05.169Z","changyeyu","OPEN_SOURCE"
"https://github.com/Forget-C/Jellyfish","2026-06-24T04:54:05.169Z","Forget-C","OPEN_SOURCE"
"https://github.com/entireio/cli","2026-06-24T04:54:05.169Z","entireio","OPEN_SOURCE"
"https://github.com/luban-agi/Awesome-AIGC-Tutorials","2026-06-24T04:54:05.169Z","luban-agi","OPEN_SOURCE"
"https://github.com/x-cmd/x-cmd","2026-06-24T04:54:05.169Z","x-cmd","OPEN_SOURCE"
"https://github.com/PurpleAILAB/Decepticon","2026-06-24T04:54:05.169Z","PurpleAILAB","OPEN_SOURCE"
"https://github.com/fixie-ai/ultravox","2026-06-24T04:54:05.169Z","fixie-ai","OPEN_SOURCE"
"https://github.com/ragapp/ragapp","2026-06-24T04:54:05.169Z","ragapp","OPEN_SOURCE"
"https://github.com/cyberbotics/webots","2026-06-24T04:54:05.169Z","cyberbotics","OPEN_SOURCE"
"https://github.com/myreader-io/myGPTReader","2026-06-24T04:54:05.169Z","myreader-io","OPEN_SOURCE"
"https://github.com/truefoundry/cognita","2026-06-24T04:54:05.169Z","truefoundry","OPEN_SOURCE"
"https://github.com/CodeWithCJ/SparkyFitness","2026-06-24T04:54:05.169Z","CodeWithCJ","OPEN_SOURCE"
"https://github.com/looplj/axonhub","2026-06-24T04:54:05.169Z","looplj","OPEN_SOURCE"
"https://github.com/JabRef/jabref","2026-06-24T04:54:05.169Z","JabRef","OPEN_SOURCE"
"https://github.com/JetBrains/koog","2026-06-24T04:54:05.169Z","JetBrains","OPEN_SOURCE"
"https://github.com/Coding-Solo/godot-mcp","2026-06-24T04:54:05.169Z","Coding-Solo","OPEN_SOURCE"
"https://github.com/zebbern/claude-code-guide","2026-06-24T04:54:05.169Z","zebbern","OPEN_SOURCE"
"https://github.com/thunlp/PromptPapers","2026-06-24T04:54:05.169Z","thunlp","OPEN_SOURCE"
"https://github.com/pydantic/logfire","2026-06-24T04:54:05.169Z","pydantic","OPEN_SOURCE"
"https://github.com/BuilderIO/micro-agent","2026-06-24T04:54:05.169Z","BuilderIO","OPEN_SOURCE"
"https://github.com/StructuredLabs/preswald","2026-06-24T04:54:05.169Z","StructuredLabs","OPEN_SOURCE"
"https://github.com/ruvnet/RuVector","2026-06-24T04:54:05.169Z","ruvnet","OPEN_SOURCE"
"https://github.com/ruc-datalab/DeepAnalyze","2026-06-24T04:54:05.169Z","ruc-datalab","OPEN_SOURCE"
"https://github.com/CaviraOSS/OpenMemory","2026-06-24T04:54:05.169Z","CaviraOSS","OPEN_SOURCE"
"https://github.com/qixing-jk/all-api-hub","2026-06-24T04:54:05.169Z","qixing-jk","OPEN_SOURCE"
"https://github.com/leetcode-mafia/cheetah","2026-06-24T04:54:05.169Z","leetcode-mafia","OPEN_SOURCE"
"https://github.com/mcmonkeyprojects/SwarmUI","2026-06-24T04:54:05.169Z","mcmonkeyprojects","OPEN_SOURCE"
"https://github.com/zgsm-ai/costrict","2026-06-24T04:54:05.169Z","zgsm-ai","OPEN_SOURCE"
"https://github.com/daveebbelaar/ai-cookbook","2026-06-24T04:54:05.169Z","daveebbelaar","OPEN_SOURCE"
"https://github.com/fspecii/ace-step-ui","2026-06-24T04:54:05.169Z","fspecii","OPEN_SOURCE"
"https://github.com/oracle-devrel/oracle-ai-developer-hub","2026-06-24T04:54:05.169Z","oracle-devrel","OPEN_SOURCE"
"https://github.com/metavoiceio/metavoice-src","2026-06-24T04:54:05.169Z","metavoiceio","OPEN_SOURCE"
"https://github.com/dalinvip/Awesome-ChatGPT","2026-06-24T04:54:05.169Z","dalinvip","OPEN_SOURCE"
"https://github.com/memgraph/memgraph","2026-06-24T04:54:05.169Z","memgraph","OPEN_SOURCE"
"https://github.com/OpenCSGs/csghub","2026-06-24T04:54:05.169Z","OpenCSGs","OPEN_SOURCE"
"https://github.com/chonkie-inc/chonkie","2026-06-24T04:54:05.169Z","chonkie-inc","OPEN_SOURCE"
"https://github.com/SylphAI-Inc/AdalFlow","2026-06-24T04:54:05.169Z","SylphAI-Inc","OPEN_SOURCE"
"https://github.com/rocketride-org/rocketride-server","2026-06-24T04:54:05.169Z","rocketride-org","OPEN_SOURCE"
"https://github.com/bragai/bRAG-langchain","2026-06-24T04:54:05.169Z","bragai","OPEN_SOURCE"
"https://github.com/cs-lazy-tools/ChatGPT-On-CS","2026-06-24T04:54:05.169Z","cs-lazy-tools","OPEN_SOURCE"
"https://github.com/YILS-LIN/short-video-factory","2026-06-24T04:54:05.169Z","YILS-LIN","OPEN_SOURCE"
"https://github.com/magnitudedev/browser-agent","2026-06-24T04:54:05.169Z","magnitudedev","OPEN_SOURCE"
"https://github.com/BehaviorTree/BehaviorTree.CPP","2026-06-24T04:54:05.169Z","BehaviorTree","OPEN_SOURCE"
"https://github.com/Dimillian/CodexMonitor","2026-06-24T04:54:05.169Z","Dimillian","OPEN_SOURCE"
"https://github.com/langroid/langroid","2026-06-24T04:54:05.169Z","langroid","OPEN_SOURCE"
"https://github.com/crmne/ruby_llm","2026-06-24T04:54:05.169Z","crmne","OPEN_SOURCE"
"https://github.com/agentscope-ai/agentscope-java","2026-06-24T04:54:05.169Z","agentscope-ai","OPEN_SOURCE"
"https://github.com/benjitaylor/agentation","2026-06-24T04:54:05.169Z","benjitaylor","OPEN_SOURCE"
"https://github.com/ai-robots-txt/ai.robots.txt","2026-06-24T04:54:05.169Z","ai-robots-txt","OPEN_SOURCE"
"https://github.com/haris-musa/excel-mcp-server","2026-06-24T04:54:05.169Z","haris-musa","OPEN_SOURCE"
"https://github.com/OpenWhispr/openwhispr","2026-06-24T04:54:05.169Z","OpenWhispr","OPEN_SOURCE"
"https://github.com/groupultra/telegram-search","2026-06-24T04:54:05.169Z","groupultra","OPEN_SOURCE"
"https://github.com/IBM/mcp-context-forge","2026-06-24T04:54:05.169Z","IBM","OPEN_SOURCE"
"https://github.com/nraiden/openv0","2026-06-24T04:54:05.169Z","nraiden","OPEN_SOURCE"
"https://github.com/alvinreal/awesome-opensource-ai","2026-06-24T04:54:05.169Z","alvinreal","OPEN_SOURCE"
"https://github.com/yuruotong1/autoMate","2026-06-24T04:54:05.169Z","yuruotong1","OPEN_SOURCE"
"https://github.com/junhoyeo/tokscale","2026-06-24T04:54:05.169Z","junhoyeo","OPEN_SOURCE"
"https://github.com/kirodotdev/Kiro","2026-06-24T04:54:05.169Z","kirodotdev","OPEN_SOURCE"
"https://github.com/serenakeyitan/awesome-notebookLM-prompts","2026-06-24T04:54:05.169Z","serenakeyitan","OPEN_SOURCE"
"https://github.com/OpenHealthForAll/open-health","2026-06-24T04:54:05.169Z","OpenHealthForAll","OPEN_SOURCE"
"https://github.com/Lightning-AI/LitServe","2026-06-24T04:54:05.169Z","Lightning-AI","OPEN_SOURCE"
"https://github.com/riffusion/riffusion-hobby","2026-06-24T04:54:05.169Z","riffusion","OPEN_SOURCE"
"https://github.com/premieroctet/photoshot","2026-06-24T04:54:05.169Z","premieroctet","OPEN_SOURCE"
"https://github.com/archestra-ai/archestra","2026-06-24T04:54:05.169Z","archestra-ai","OPEN_SOURCE"
"https://github.com/hanshuaikang/AI-Media2Doc","2026-06-24T04:54:05.169Z","hanshuaikang","OPEN_SOURCE"
"https://github.com/ginobefun/BestBlogs","2026-06-24T04:54:05.169Z","ginobefun","OPEN_SOURCE"
"https://github.com/hzwer/WritingAIPaper","2026-06-24T04:54:05.169Z","hzwer","OPEN_SOURCE"
"https://github.com/sourcegraph/cody-public-snapshot","2026-06-24T04:54:05.169Z","sourcegraph","OPEN_SOURCE"
"https://github.com/openagents-org/openagents","2026-06-24T04:54:05.169Z","openagents-org","OPEN_SOURCE"
"https://github.com/gofireflyio/aiac","2026-06-24T04:54:05.169Z","gofireflyio","OPEN_SOURCE"
"https://github.com/aadi1011/AI-ML-Roadmap-from-scratch","2026-06-24T04:54:05.169Z","aadi1011","OPEN_SOURCE"
"https://github.com/didi/xiaoju-survey","2026-06-24T04:54:05.169Z","didi","OPEN_SOURCE"
"https://github.com/shobrook/adrenaline","2026-06-24T04:54:05.169Z","shobrook","OPEN_SOURCE"
"https://github.com/facebookresearch/habitat-sim","2026-06-24T04:54:05.169Z","facebookresearch","OPEN_SOURCE"
"https://github.com/olivia-ai/olivia","2026-06-24T04:54:05.169Z","olivia-ai","OPEN_SOURCE"
"https://github.com/golutra/golutra","2026-06-24T04:54:05.169Z","golutra","OPEN_SOURCE"
"https://github.com/embabel/embabel-agent","2026-06-24T04:54:05.169Z","embabel","OPEN_SOURCE"
"https://github.com/dathere/qsv","2026-06-24T04:54:05.169Z","dathere","OPEN_SOURCE"
"https://github.com/eosphoros-ai/Awesome-Text2SQL","2026-06-24T04:54:05.169Z","eosphoros-ai","OPEN_SOURCE"
"https://github.com/zml/zml","2026-06-24T04:54:10.517Z","zml","OPEN_SOURCE"
"https://github.com/tmoroney/auto-subs","2026-06-24T04:54:10.517Z","tmoroney","OPEN_SOURCE"
"https://github.com/OvidijusParsiunas/deep-chat","2026-06-24T04:54:10.517Z","OvidijusParsiunas","OPEN_SOURCE"
"https://github.com/Dataherald/dataherald","2026-06-24T04:54:10.517Z","Dataherald","OPEN_SOURCE"
"https://github.com/opensumi/core","2026-06-24T04:54:10.517Z","opensumi","OPEN_SOURCE"
"https://github.com/aurelio-labs/semantic-router","2026-06-24T04:54:10.517Z","aurelio-labs","OPEN_SOURCE"
"https://github.com/vijishmadhavan/ArtLine","2026-06-24T04:54:10.517Z","vijishmadhavan","OPEN_SOURCE"
"https://github.com/homeassistant-ai/ha-mcp","2026-06-24T04:54:10.517Z","homeassistant-ai","OPEN_SOURCE"
"https://github.com/matt1398/claude-devtools","2026-06-24T04:54:10.517Z","matt1398","OPEN_SOURCE"
"https://github.com/nickjvandyke/opencode.nvim","2026-06-24T04:54:10.517Z","nickjvandyke","OPEN_SOURCE"
"https://github.com/zhaoyingjun/chatbot","2026-06-24T04:54:10.517Z","zhaoyingjun","OPEN_SOURCE"
"https://github.com/krishnakumarsekar/awesome-quantum-machine-learning","2026-06-24T04:54:10.517Z","krishnakumarsekar","OPEN_SOURCE"
"https://github.com/liyupi/free-programming-resources","2026-06-24T04:54:10.517Z","liyupi","OPEN_SOURCE"
"https://github.com/The-Swarm-Corporation/AutoHedge","2026-06-24T04:54:10.517Z","The-Swarm-Corporation","OPEN_SOURCE"
"https://github.com/wiltodelta/remove-ai-watermarks","2026-06-24T04:54:10.517Z","wiltodelta","OPEN_SOURCE"
"https://github.com/liaokongVFX/MCP-Chinese-Getting-Started-Guide","2026-06-24T04:54:10.517Z","liaokongVFX","OPEN_SOURCE"
"https://github.com/ben1234560/AiLearning-Theory-Applying","2026-06-24T04:54:10.517Z","ben1234560","OPEN_SOURCE"
"https://github.com/laravel/boost","2026-06-24T04:54:10.517Z","laravel","OPEN_SOURCE"
"https://github.com/facebookresearch/map-anything","2026-06-24T04:54:10.517Z","facebookresearch","OPEN_SOURCE"
"https://github.com/datamllab/rlcard","2026-06-24T04:54:10.517Z","datamllab","OPEN_SOURCE"
"https://github.com/flydelabs/flyde","2026-06-24T04:54:10.517Z","flydelabs","OPEN_SOURCE"
"https://github.com/minimaxir/simpleaichat","2026-06-24T04:54:10.517Z","minimaxir","OPEN_SOURCE"
"https://github.com/Astrosp/Awesome-OSINT-List","2026-06-24T04:54:10.517Z","Astrosp","OPEN_SOURCE"
"https://github.com/pytorch/rl","2026-06-24T04:54:10.517Z","pytorch","OPEN_SOURCE"
"https://github.com/microsoft/tensorwatch","2026-06-24T04:54:10.517Z","microsoft","OPEN_SOURCE"
"https://github.com/agentgateway/agentgateway","2026-06-24T04:54:10.517Z","agentgateway","OPEN_SOURCE"
"https://github.com/swarmpit/swarmpit","2026-06-24T04:54:10.517Z","swarmpit","OPEN_SOURCE"
"https://github.com/alicevision/AliceVision","2026-06-24T04:54:10.517Z","alicevision","OPEN_SOURCE"
"https://github.com/entropy-research/Devon","2026-06-24T04:54:10.517Z","entropy-research","OPEN_SOURCE"
"https://github.com/chaitin/MonkeyCode","2026-06-24T04:54:10.517Z","chaitin","OPEN_SOURCE"
"https://github.com/srcbookdev/srcbook","2026-06-24T04:54:10.517Z","srcbookdev","OPEN_SOURCE"
"https://github.com/dair-ai/ML-Notebooks","2026-06-24T04:54:10.517Z","dair-ai","OPEN_SOURCE"
"https://github.com/sligter/LandPPT","2026-06-24T04:54:10.517Z","sligter","OPEN_SOURCE"
"https://github.com/llm-d/llm-d","2026-06-24T04:54:10.517Z","llm-d","OPEN_SOURCE"
"https://github.com/edtechre/pybroker","2026-06-24T04:54:10.517Z","edtechre","OPEN_SOURCE"
"https://github.com/liujuntao123/smart-excalidraw-next","2026-06-24T04:54:10.517Z","liujuntao123","OPEN_SOURCE"
"https://github.com/CommandCodeAI/command-code","2026-06-24T04:54:10.517Z","CommandCodeAI","OPEN_SOURCE"
"https://github.com/atopile/atopile","2026-06-24T04:54:10.517Z","atopile","OPEN_SOURCE"
"https://github.com/adamcohenhillel/ADeus","2026-06-24T04:54:10.517Z","adamcohenhillel","OPEN_SOURCE"
"https://github.com/IAHispano/Applio","2026-06-24T04:54:10.517Z","IAHispano","OPEN_SOURCE"
"https://github.com/ZSeven-W/openpencil","2026-06-24T04:54:10.517Z","ZSeven-W","OPEN_SOURCE"
"https://github.com/pashpashpash/vault-ai","2026-06-24T04:54:10.517Z","pashpashpash","OPEN_SOURCE"
"https://github.com/codefuse-ai/Awesome-Code-LLM","2026-06-24T04:54:10.517Z","codefuse-ai","OPEN_SOURCE"
"https://github.com/browserbase/mcp-server-browserbase","2026-06-24T04:54:10.517Z","browserbase","OPEN_SOURCE"
"https://github.com/agentheroes/agentheroes","2026-06-24T04:54:10.517Z","agentheroes","OPEN_SOURCE"
"https://github.com/Intelligent-Internet/ii-agent","2026-06-24T04:54:10.517Z","Intelligent-Internet","OPEN_SOURCE"
"https://github.com/Lagrange-Labs/deep-prove","2026-06-24T04:54:10.517Z","Lagrange-Labs","OPEN_SOURCE"
"https://github.com/Manavarya09/design-extract","2026-06-24T04:54:10.517Z","Manavarya09","OPEN_SOURCE"
"https://github.com/wppconnect-team/wppconnect","2026-06-24T04:54:10.517Z","wppconnect-team","OPEN_SOURCE"
"https://github.com/walkinglabs/awesome-harness-engineering","2026-06-24T04:54:10.517Z","walkinglabs","OPEN_SOURCE"
"https://github.com/langwatch/langwatch","2026-06-24T04:54:10.517Z","langwatch","OPEN_SOURCE"
"https://github.com/i-am-bee/beeai-framework","2026-06-24T04:54:10.517Z","i-am-bee","OPEN_SOURCE"
"https://github.com/basicmachines-co/basic-memory","2026-06-24T04:54:10.517Z","basicmachines-co","OPEN_SOURCE"
"https://github.com/argilla-io/distilabel","2026-06-24T04:54:10.517Z","argilla-io","OPEN_SOURCE"
"https://github.com/IvanMurzak/Unity-MCP","2026-06-24T04:54:10.517Z","IvanMurzak","OPEN_SOURCE"
"https://github.com/johnbean393/Sidekick","2026-06-24T04:54:10.517Z","johnbean393","OPEN_SOURCE"
"https://github.com/AprilNEA/AChat","2026-06-24T04:54:10.517Z","AprilNEA","OPEN_SOURCE"
"https://github.com/HanaokaYuzu/Gemini-API","2026-06-24T04:54:10.517Z","HanaokaYuzu","OPEN_SOURCE"
"https://github.com/thomasahle/sunfish","2026-06-24T04:54:10.517Z","thomasahle","OPEN_SOURCE"
"https://github.com/batrachianai/toad","2026-06-24T04:54:10.517Z","batrachianai","OPEN_SOURCE"
"https://github.com/pezzolabs/pezzo","2026-06-24T04:54:10.518Z","pezzolabs","OPEN_SOURCE"
"https://github.com/tradytics/eiten","2026-06-24T04:54:10.518Z","tradytics","OPEN_SOURCE"
"https://github.com/snap-stanford/Biomni","2026-06-24T04:54:10.518Z","snap-stanford","OPEN_SOURCE"
"https://github.com/alexrudall/ruby-openai","2026-06-24T04:54:10.518Z","alexrudall","OPEN_SOURCE"
"https://github.com/InkTimeRecord/TTime","2026-06-24T04:54:10.518Z","InkTimeRecord","OPEN_SOURCE"
"https://github.com/JoePenna/Dreambooth-Stable-Diffusion","2026-06-24T04:54:10.518Z","JoePenna","OPEN_SOURCE"
"https://github.com/neomjs/neo","2026-06-24T04:54:10.518Z","neomjs","OPEN_SOURCE"
"https://github.com/Josh-XT/AGiXT","2026-06-24T04:54:10.518Z","Josh-XT","OPEN_SOURCE"
"https://github.com/Mayandev/notion-avatar","2026-06-24T04:54:10.518Z","Mayandev","OPEN_SOURCE"
"https://github.com/aandrew-me/tgpt","2026-06-24T04:54:10.518Z","aandrew-me","OPEN_SOURCE"
"https://github.com/noahshinn/reflexion","2026-06-24T04:54:10.518Z","noahshinn","OPEN_SOURCE"
"https://github.com/SilasMarvin/lsp-ai","2026-06-24T04:54:10.518Z","SilasMarvin","OPEN_SOURCE"
"https://github.com/louisfb01/best_AI_papers_2022","2026-06-24T04:54:10.518Z","louisfb01","OPEN_SOURCE"
"https://github.com/rsxdalv/TTS-WebUI","2026-06-24T04:54:10.518Z","rsxdalv","OPEN_SOURCE"
"https://github.com/smartloli/EFAK","2026-06-24T04:54:10.518Z","smartloli","OPEN_SOURCE"
"https://github.com/superagent-ai/grok-cli","2026-06-24T04:54:10.518Z","superagent-ai","OPEN_SOURCE"
"https://github.com/nesaorg/nesa","2026-06-24T04:54:10.518Z","nesaorg","OPEN_SOURCE"
"https://github.com/bitbrain/beehave","2026-06-24T04:54:10.518Z","bitbrain","OPEN_SOURCE"
"https://github.com/opengeos/geoai","2026-06-24T04:54:10.518Z","opengeos","OPEN_SOURCE"
"https://github.com/MemMachine/MemMachine","2026-06-24T04:54:10.518Z","MemMachine","OPEN_SOURCE"
"https://github.com/taishi-i/awesome-ChatGPT-repositories","2026-06-24T04:54:10.518Z","taishi-i","OPEN_SOURCE"
"https://github.com/docker/docker-agent","2026-06-24T04:54:10.518Z","docker","OPEN_SOURCE"
"https://github.com/av/harbor","2026-06-24T04:54:10.518Z","av","OPEN_SOURCE"
"https://github.com/kagent-dev/kagent","2026-06-24T04:54:10.518Z","kagent-dev","OPEN_SOURCE"
"https://github.com/automagica/automagica","2026-06-24T04:54:10.518Z","automagica","OPEN_SOURCE"
"https://github.com/stravu/crystal","2026-06-24T04:54:10.518Z","stravu","OPEN_SOURCE"
"https://github.com/EvoAgentX/EvoAgentX","2026-06-24T04:54:10.518Z","EvoAgentX","OPEN_SOURCE"
"https://github.com/CarterPerez-dev/Cybersecurity-Projects","2026-06-24T04:54:10.518Z","CarterPerez-dev","OPEN_SOURCE"
"https://github.com/Chevey339/kelivo","2026-06-24T04:54:10.518Z","Chevey339","OPEN_SOURCE"
"https://github.com/cheshire-cat-ai/core","2026-06-24T04:54:10.518Z","cheshire-cat-ai","OPEN_SOURCE"
"https://github.com/rag-web-ui/rag-web-ui","2026-06-24T04:54:10.518Z","rag-web-ui","OPEN_SOURCE"
"https://github.com/giancarloerra/SocratiCode","2026-06-24T04:54:10.518Z","giancarloerra","OPEN_SOURCE"
"https://github.com/rivet-dev/agentos","2026-06-24T04:54:10.518Z","rivet-dev","OPEN_SOURCE"
"https://github.com/langchain-ai/langgraphjs","2026-06-24T04:54:10.518Z","langchain-ai","OPEN_SOURCE"
"https://github.com/facebookresearch/habitat-lab","2026-06-24T04:54:10.518Z","facebookresearch","OPEN_SOURCE"
"https://github.com/pluja/whishper","2026-06-24T04:54:10.518Z","pluja","OPEN_SOURCE"
"https://github.com/lmnr-ai/lmnr","2026-06-24T04:54:10.518Z","lmnr-ai","OPEN_SOURCE"
"https://github.com/gcui-art/suno-api","2026-06-24T04:54:10.518Z","gcui-art","OPEN_SOURCE"
"https://github.com/pinecone-io/examples","2026-06-24T04:54:10.518Z","pinecone-io","OPEN_SOURCE"
"https://github.com/bytebase/dbhub","2026-06-24T04:54:10.518Z","bytebase","OPEN_SOURCE"
"https://github.com/miroslavpejic85/mirotalksfu","2026-06-24T04:54:15.598Z","miroslavpejic85","OPEN_SOURCE"
"https://github.com/liyown/ai-trend-publish","2026-06-24T04:54:15.598Z","liyown","OPEN_SOURCE"
"https://github.com/ianarawjo/ChainForge","2026-06-24T04:54:15.598Z","ianarawjo","OPEN_SOURCE"
"https://github.com/pipeshub-ai/pipeshub-ai","2026-06-24T04:54:15.598Z","pipeshub-ai","OPEN_SOURCE"
"https://github.com/reloadware/reloadium","2026-06-24T04:54:15.598Z","reloadware","OPEN_SOURCE"
"https://github.com/oxylabs/ai-crawler-py","2026-06-24T04:54:15.598Z","oxylabs","OPEN_SOURCE"
"https://github.com/SynkraAI/aiox-core","2026-06-24T04:54:15.598Z","SynkraAI","OPEN_SOURCE"
"https://github.com/Source-Robotics/PAROL6-Desktop-robot-arm","2026-06-24T04:54:15.598Z","Source-Robotics","OPEN_SOURCE"
"https://github.com/hosseinmoein/DataFrame","2026-06-24T04:54:15.598Z","hosseinmoein","OPEN_SOURCE"
"https://github.com/gmpetrov/databerry","2026-06-24T04:54:15.598Z","gmpetrov","OPEN_SOURCE"
"https://github.com/mikeyobrien/ralph-orchestrator","2026-06-24T04:54:15.598Z","mikeyobrien","OPEN_SOURCE"
"https://github.com/steipete/oracle","2026-06-24T04:54:15.598Z","steipete","OPEN_SOURCE"
"https://github.com/supabase-community/database-build","2026-06-24T04:54:15.598Z","supabase-community","OPEN_SOURCE"
"https://github.com/eli64s/readme-ai","2026-06-24T04:54:15.598Z","eli64s","OPEN_SOURCE"
"https://github.com/ErlichLiu/DeepClaude","2026-06-24T04:54:15.598Z","ErlichLiu","OPEN_SOURCE"
"https://github.com/MacPaw/OpenAI","2026-06-24T04:54:15.598Z","MacPaw","OPEN_SOURCE"
"https://github.com/containers/ramalama","2026-06-24T04:54:15.598Z","containers","OPEN_SOURCE"
"https://github.com/yunionio/cloudpods","2026-06-24T04:54:15.598Z","yunionio","OPEN_SOURCE"
"https://github.com/louisfb01/best_AI_papers_2021","2026-06-24T04:54:15.598Z","louisfb01","OPEN_SOURCE"
"https://github.com/microsoft/genaiscript","2026-06-24T04:54:15.598Z","microsoft","OPEN_SOURCE"
"https://github.com/explosion/thinc","2026-06-24T04:54:15.598Z","explosion","OPEN_SOURCE"
"https://github.com/blazickjp/arxiv-mcp-server","2026-06-24T04:54:15.598Z","blazickjp","OPEN_SOURCE"
"https://github.com/yvgude/lean-ctx","2026-06-24T04:54:15.598Z","yvgude","OPEN_SOURCE"
"https://github.com/ibelick/prompt-kit","2026-06-24T04:54:15.598Z","ibelick","OPEN_SOURCE"
"https://github.com/explorerhq/sql-explorer","2026-06-24T04:54:15.598Z","explorerhq","OPEN_SOURCE"
"https://github.com/allweonedev/presentation-ai","2026-06-24T04:54:15.598Z","allweonedev","OPEN_SOURCE"
"https://github.com/openrecall/openrecall","2026-06-24T04:54:15.598Z","openrecall","OPEN_SOURCE"
"https://github.com/SharpAI/DeepCamera","2026-06-24T04:54:15.598Z","SharpAI","OPEN_SOURCE"
"https://github.com/nageoffer/ragent","2026-06-24T04:54:15.598Z","nageoffer","OPEN_SOURCE"
"https://github.com/bradygaster/squad","2026-06-24T04:54:15.598Z","bradygaster","OPEN_SOURCE"
"https://github.com/sherlockchou86/VideoPipe","2026-06-24T04:54:15.598Z","sherlockchou86","OPEN_SOURCE"
"https://github.com/Trusted-AI/AIF360","2026-06-24T04:54:15.598Z","Trusted-AI","OPEN_SOURCE"
"https://github.com/thepersonalaicompany/amurex","2026-06-24T04:54:15.598Z","thepersonalaicompany","OPEN_SOURCE"
"https://github.com/TanStack/ai","2026-06-24T04:54:15.598Z","TanStack","OPEN_SOURCE"
"https://github.com/microsoft/Generative-AI-for-beginners-dotnet","2026-06-24T04:54:15.598Z","microsoft","OPEN_SOURCE"
"https://github.com/jhj0517/Whisper-WebUI","2026-06-24T04:54:15.598Z","jhj0517","OPEN_SOURCE"
"https://github.com/OpenPipe/OpenPipe","2026-06-24T04:54:15.598Z","OpenPipe","OPEN_SOURCE"
"https://github.com/GerevAI/gerev","2026-06-24T04:54:15.598Z","GerevAI","OPEN_SOURCE"
"https://github.com/Jpisnice/shadcn-ui-mcp-server","2026-06-24T04:54:15.598Z","Jpisnice","OPEN_SOURCE"
"https://github.com/lxf746/any-auto-register","2026-06-24T04:54:15.598Z","lxf746","OPEN_SOURCE"
"https://github.com/rishikanthc/Scriberr","2026-06-24T04:54:15.598Z","rishikanthc","OPEN_SOURCE"
"https://github.com/ax-llm/ax","2026-06-24T04:54:15.598Z","ax-llm","OPEN_SOURCE"
"https://github.com/rom1504/clip-retrieval","2026-06-24T04:54:15.598Z","rom1504","OPEN_SOURCE"
"https://github.com/intellectronica/ruler","2026-06-24T04:54:15.598Z","intellectronica","OPEN_SOURCE"
"https://github.com/skills/secure-code-game","2026-06-24T04:54:15.598Z","skills","OPEN_SOURCE"
"https://github.com/zcaceres/markdownify-mcp","2026-06-24T04:54:15.598Z","zcaceres","OPEN_SOURCE"
"https://github.com/letta-ai/letta-code","2026-06-24T04:54:15.598Z","letta-ai","OPEN_SOURCE"
"https://github.com/wquguru/nof0","2026-06-24T04:54:15.598Z","wquguru","OPEN_SOURCE"
"https://github.com/open-webui/open-terminal","2026-06-24T04:54:15.598Z","open-webui","OPEN_SOURCE"
"https://github.com/spring-ai-alibaba/examples","2026-06-24T04:54:15.598Z","spring-ai-alibaba","OPEN_SOURCE"
"https://github.com/event-catalog/eventcatalog","2026-06-24T04:54:15.598Z","event-catalog","OPEN_SOURCE"
"https://github.com/erupts/erupt","2026-06-24T04:54:15.598Z","erupts","OPEN_SOURCE"
"https://github.com/alistaitsacle/free-llm-api-keys","2026-06-24T04:54:15.598Z","alistaitsacle","OPEN_SOURCE"
"https://github.com/MARKTECHPOST-AI-MEDIA-INC/AI-Agents-Projects-Tutorials","2026-06-24T04:54:15.598Z","MARKTECHPOST-AI-MEDIA-INC","OPEN_SOURCE"
"https://github.com/taylorwilsdon/google_workspace_mcp","2026-06-24T04:54:15.598Z","taylorwilsdon","OPEN_SOURCE"
"https://github.com/cyfyifanchen/one-person-company","2026-06-24T04:54:15.598Z","cyfyifanchen","OPEN_SOURCE"
"https://github.com/Windy3f3f3f3f/how-claude-code-works","2026-06-24T04:54:15.598Z","Windy3f3f3f3f","OPEN_SOURCE"
"https://github.com/control-theory/gonzo","2026-06-24T04:54:15.598Z","control-theory","OPEN_SOURCE"
"https://github.com/TavernAI/TavernAI-v1","2026-06-24T04:54:15.598Z","TavernAI","OPEN_SOURCE"
"https://github.com/nicepkg/aide","2026-06-24T04:54:15.598Z","nicepkg","OPEN_SOURCE"
"https://github.com/wanikua/danghuangshang","2026-06-24T04:54:15.598Z","wanikua","OPEN_SOURCE"
"https://github.com/protectai/vulnhuntr","2026-06-24T04:54:15.598Z","protectai","OPEN_SOURCE"
"https://github.com/microsoft/pai","2026-06-24T04:54:15.598Z","microsoft","OPEN_SOURCE"
"https://github.com/devflowinc/trieve","2026-06-24T04:54:15.598Z","devflowinc","OPEN_SOURCE"
"https://github.com/riffusion/riffusion-app-hobby","2026-06-24T04:54:15.598Z","riffusion","OPEN_SOURCE"
"https://github.com/georgia-tech-db/evadb","2026-06-24T04:54:15.598Z","georgia-tech-db","OPEN_SOURCE"
"https://github.com/nteract/semiotic","2026-06-24T04:54:15.598Z","nteract","OPEN_SOURCE"
"https://github.com/GH05TCREW/pentestagent","2026-06-24T04:54:15.598Z","GH05TCREW","OPEN_SOURCE"
"https://github.com/rilldata/rill","2026-06-24T04:54:15.598Z","rilldata","OPEN_SOURCE"
"https://github.com/VectifyAI/OpenKB","2026-06-24T04:54:15.598Z","VectifyAI","OPEN_SOURCE"
"https://github.com/yaojingang/GEOFlow","2026-06-24T04:54:15.598Z","yaojingang","OPEN_SOURCE"
"https://github.com/OpenDCAI/Paper2Any","2026-06-24T04:54:15.598Z","OpenDCAI","OPEN_SOURCE"
"https://github.com/mito-ds/mito","2026-06-24T04:54:15.598Z","mito-ds","OPEN_SOURCE"
"https://github.com/gptlink/gptlink","2026-06-24T04:54:15.598Z","gptlink","OPEN_SOURCE"
"https://github.com/snyk/agent-scan","2026-06-24T04:54:15.598Z","snyk","OPEN_SOURCE"
"https://github.com/minitap-ai/mobile-use","2026-06-24T04:54:15.598Z","minitap-ai","OPEN_SOURCE"
"https://github.com/automata/aicodeguide","2026-06-24T04:54:15.598Z","automata","OPEN_SOURCE"
"https://github.com/vercel-labs/opensrc","2026-06-24T04:54:15.598Z","vercel-labs","OPEN_SOURCE"
"https://github.com/Simon-He95/markstream-vue","2026-06-24T04:54:15.598Z","Simon-He95","OPEN_SOURCE"
"https://github.com/plexe-ai/plexe","2026-06-24T04:54:15.598Z","plexe-ai","OPEN_SOURCE"
"https://github.com/InterviewReady/ai-engineering-resources","2026-06-24T04:54:15.598Z","InterviewReady","OPEN_SOURCE"
"https://github.com/numz/ComfyUI-SeedVR2_VideoUpscaler","2026-06-24T04:54:15.598Z","numz","OPEN_SOURCE"
"https://github.com/pionxzh/chatgpt-exporter","2026-06-24T04:54:15.598Z","pionxzh","OPEN_SOURCE"
"https://github.com/lealone/Lealone","2026-06-24T04:54:15.598Z","lealone","OPEN_SOURCE"
"https://github.com/bethington/ghidra-mcp","2026-06-24T04:54:15.598Z","bethington","OPEN_SOURCE"
"https://github.com/ahmedeltaher/Android-MVVM-Architecture-Android-Voice-AI-SDK","2026-06-24T04:54:15.598Z","ahmedeltaher","OPEN_SOURCE"
"https://github.com/collabs-inc/collab-public","2026-06-24T04:54:15.598Z","collabs-inc","OPEN_SOURCE"
"https://github.com/griptape-ai/griptape","2026-06-24T04:54:15.598Z","griptape-ai","OPEN_SOURCE"
"https://github.com/miantiao-me/hacker-podcast","2026-06-24T04:54:15.598Z","miantiao-me","OPEN_SOURCE"
"https://github.com/koishijs/novelai-bot","2026-06-24T04:54:15.598Z","koishijs","OPEN_SOURCE"
"https://github.com/UnicomAI/wanwu","2026-06-24T04:54:15.598Z","UnicomAI","OPEN_SOURCE"
"https://github.com/viperrcrypto/Siftly","2026-06-24T04:54:15.598Z","viperrcrypto","OPEN_SOURCE"
"https://github.com/BAAI-Agents/Cradle","2026-06-24T04:54:15.598Z","BAAI-Agents","OPEN_SOURCE"
"https://github.com/athina-ai/rag-cookbooks","2026-06-24T04:54:15.598Z","athina-ai","OPEN_SOURCE"
"https://github.com/IntelligenzaArtificiale/Free-Auto-GPT","2026-06-24T04:54:15.598Z","IntelligenzaArtificiale","OPEN_SOURCE"
"https://github.com/wshobson/commands","2026-06-24T04:54:15.598Z","wshobson","OPEN_SOURCE"
"https://github.com/gridaco/grida","2026-06-24T04:54:15.598Z","gridaco","OPEN_SOURCE"
"https://github.com/lemony-ai/cascadeflow","2026-06-24T04:54:15.598Z","lemony-ai","OPEN_SOURCE"
"https://github.com/repowise-dev/repowise","2026-06-24T04:54:15.598Z","repowise-dev","OPEN_SOURCE"
"https://github.com/moazbuilds/CodeMachine-CLI","2026-06-24T04:54:15.598Z","moazbuilds","OPEN_SOURCE"
"https://github.com/kayba-ai/agentic-context-engine","2026-06-24T04:54:20.379Z","kayba-ai","OPEN_SOURCE"
"https://github.com/duoergun0729/nlp","2026-06-24T04:54:20.379Z","duoergun0729","OPEN_SOURCE"
"https://github.com/Sumanth077/Hands-On-AI-Engineering","2026-06-24T04:54:20.379Z","Sumanth077","OPEN_SOURCE"
"https://github.com/papersgpt/papersgpt-for-zotero","2026-06-24T04:54:20.379Z","papersgpt","OPEN_SOURCE"
"https://github.com/yaojingang/yao-open-prompts","2026-06-24T04:54:20.379Z","yaojingang","OPEN_SOURCE"
"https://github.com/modelcontextprotocol/ext-apps","2026-06-24T04:54:20.379Z","modelcontextprotocol","OPEN_SOURCE"
"https://github.com/darrenburns/elia","2026-06-24T04:54:20.379Z","darrenburns","OPEN_SOURCE"
"https://github.com/Card-Forge/forge","2026-06-24T04:54:20.379Z","Card-Forge","OPEN_SOURCE"
"https://github.com/paulpierre/RasaGPT","2026-06-24T04:54:20.379Z","paulpierre","OPEN_SOURCE"
"https://github.com/mohsen1/yek","2026-06-24T04:54:20.379Z","mohsen1","OPEN_SOURCE"
"https://github.com/semanser/codel","2026-06-24T04:54:20.379Z","semanser","OPEN_SOURCE"
"https://github.com/icereed/paperless-gpt","2026-06-24T04:54:20.379Z","icereed","OPEN_SOURCE"
"https://github.com/friuns2/Leaked-GPTs","2026-06-24T04:54:20.379Z","friuns2","OPEN_SOURCE"
"https://github.com/lining808/CS-Ebook","2026-06-24T04:54:20.379Z","lining808","OPEN_SOURCE"
"https://github.com/alan-ai/alan-sdk-web","2026-06-24T04:54:20.379Z","alan-ai","OPEN_SOURCE"
"https://github.com/apache/burr","2026-06-24T04:54:20.379Z","apache","OPEN_SOURCE"
"https://github.com/liyupi/yu-ai-agent","2026-06-24T04:54:20.379Z","liyupi","OPEN_SOURCE"
"https://github.com/jeremylongshore/claude-code-plugins-plus-skills","2026-06-24T04:54:20.379Z","jeremylongshore","OPEN_SOURCE"
"https://github.com/huangwb8/ChineseResearchLaTeX","2026-06-24T04:54:20.379Z","huangwb8","OPEN_SOURCE"
"https://github.com/b7leung/MLE-Flashcards","2026-06-24T04:54:20.379Z","b7leung","OPEN_SOURCE"
"https://github.com/jackmpcollins/magentic","2026-06-24T04:54:20.379Z","jackmpcollins","OPEN_SOURCE"
"https://github.com/techa03/goodsKill","2026-06-24T04:54:20.379Z","techa03","OPEN_SOURCE"
"https://github.com/prism-php/prism","2026-06-24T04:54:20.379Z","prism-php","OPEN_SOURCE"
"https://github.com/yuanzhongqiao/printfilm","2026-06-24T04:54:20.379Z","yuanzhongqiao","OPEN_SOURCE"
"https://github.com/nikmcfly/MiroFish-Offline","2026-06-24T04:54:20.379Z","nikmcfly","OPEN_SOURCE"
"https://github.com/fal-ai-community/video-starter-kit","2026-06-24T04:54:20.379Z","fal-ai-community","OPEN_SOURCE"
"https://github.com/sk3pp3r/cheat-sheet-pdf","2026-06-24T04:54:20.379Z","sk3pp3r","OPEN_SOURCE"
"https://github.com/zinja-coder/jadx-ai-mcp","2026-06-24T04:54:20.379Z","zinja-coder","OPEN_SOURCE"
"https://github.com/CoderLuii/HolyClaude","2026-06-24T04:54:20.379Z","CoderLuii","OPEN_SOURCE"
"https://github.com/DeepInsight-AI/DeepBI","2026-06-24T04:54:20.379Z","DeepInsight-AI","OPEN_SOURCE"
"https://github.com/pykeio/ort","2026-06-24T04:54:20.379Z","pykeio","OPEN_SOURCE"
"https://github.com/e2b-dev/code-interpreter","2026-06-24T04:54:20.379Z","e2b-dev","OPEN_SOURCE"
"https://github.com/lmnr-ai/index","2026-06-24T04:54:20.379Z","lmnr-ai","OPEN_SOURCE"
"https://github.com/dot-agent/nextpy","2026-06-24T04:54:20.379Z","dot-agent","OPEN_SOURCE"
"https://github.com/google-research-datasets/Objectron","2026-06-24T04:54:20.379Z","google-research-datasets","OPEN_SOURCE"
"https://github.com/1backend/1backend","2026-06-24T04:54:20.379Z","1backend","OPEN_SOURCE"
"https://github.com/Comfy-Org/desktop","2026-06-24T04:54:20.379Z","Comfy-Org","OPEN_SOURCE"
"https://github.com/sindresorhus/awesome-whisper","2026-06-24T04:54:20.379Z","sindresorhus","OPEN_SOURCE"
"https://github.com/aress31/burpgpt","2026-06-24T04:54:20.379Z","aress31","OPEN_SOURCE"
"https://github.com/xaboy/form-create-designer","2026-06-24T04:54:20.379Z","xaboy","OPEN_SOURCE"
"https://github.com/drl990114/MarkFlowy","2026-06-24T04:54:20.379Z","drl990114","OPEN_SOURCE"
"https://github.com/WCY-dt/MrRSS","2026-06-24T04:54:20.379Z","WCY-dt","OPEN_SOURCE"
"https://github.com/OAID/TengineKit","2026-06-24T04:54:20.379Z","OAID","OPEN_SOURCE"
"https://github.com/rafska/awesome-local-llm","2026-06-24T04:54:20.379Z","rafska","OPEN_SOURCE"
"https://github.com/instill-ai/instill-core","2026-06-24T04:54:20.379Z","instill-ai","OPEN_SOURCE"
"https://github.com/theJayTea/WritingTools","2026-06-24T04:54:20.379Z","theJayTea","OPEN_SOURCE"
"https://github.com/trypromptly/LLMStack","2026-06-24T04:54:20.379Z","trypromptly","OPEN_SOURCE"
"https://github.com/sanderland/katrain","2026-06-24T04:54:20.379Z","sanderland","OPEN_SOURCE"
"https://github.com/spacedriveapp/spacebot","2026-06-24T04:54:20.379Z","spacedriveapp","OPEN_SOURCE"
"https://github.com/magefree/mage","2026-06-24T04:54:20.379Z","magefree","OPEN_SOURCE"
"https://github.com/runkids/skillshare","2026-06-24T04:54:20.379Z","runkids","OPEN_SOURCE"
"https://github.com/emgucv/emgucv","2026-06-24T04:54:20.379Z","emgucv","OPEN_SOURCE"
"https://github.com/mattnigh/ChatGPT-Free-Prompt-List","2026-06-24T04:54:20.379Z","mattnigh","OPEN_SOURCE"
"https://github.com/pixpark/gpupixel","2026-06-24T04:54:20.379Z","pixpark","OPEN_SOURCE"
"https://github.com/datopian/portaljs","2026-06-24T04:54:20.379Z","datopian","OPEN_SOURCE"
"https://github.com/approximatelabs/sketch","2026-06-24T04:54:20.379Z","approximatelabs","OPEN_SOURCE"
"https://github.com/elevenlabs/ui","2026-06-24T04:54:20.379Z","elevenlabs","OPEN_SOURCE"
"https://github.com/ChunelFeng/CGraph","2026-06-24T04:54:20.379Z","ChunelFeng","OPEN_SOURCE"
"https://github.com/salesforce/TransmogrifAI","2026-06-24T04:54:20.379Z","salesforce","OPEN_SOURCE"
"https://github.com/agentuniverse-ai/agentUniverse","2026-06-24T04:54:20.379Z","agentuniverse-ai","OPEN_SOURCE"
"https://github.com/Tencent-Hunyuan/HY-World-2.0","2026-06-24T04:54:20.379Z","Tencent-Hunyuan","OPEN_SOURCE"
"https://github.com/EvoAgentX/Awesome-Self-Evolving-Agents","2026-06-24T04:54:20.379Z","EvoAgentX","OPEN_SOURCE"
"https://github.com/supabase/agent-skills","2026-06-24T04:54:20.379Z","supabase","OPEN_SOURCE"
"https://github.com/NLP-LOVE/Introduction-NLP","2026-06-24T04:54:20.379Z","NLP-LOVE","OPEN_SOURCE"
"https://github.com/bergside/design-md-chrome","2026-06-24T04:54:20.379Z","bergside","OPEN_SOURCE"
"https://github.com/samber/cc-skills-golang","2026-06-24T04:54:20.379Z","samber","OPEN_SOURCE"
"https://github.com/bestruirui/octopus","2026-06-24T04:54:20.379Z","bestruirui","OPEN_SOURCE"
"https://github.com/Turbo1123/roubao","2026-06-24T04:54:20.379Z","Turbo1123","OPEN_SOURCE"
"https://github.com/fairlearn/fairlearn","2026-06-24T04:54:20.379Z","fairlearn","OPEN_SOURCE"
"https://github.com/knowsuchagency/mcp2cli","2026-06-24T04:54:20.379Z","knowsuchagency","OPEN_SOURCE"
"https://github.com/google/generative-ai-docs","2026-06-24T04:54:20.379Z","google","OPEN_SOURCE"
"https://github.com/jamubc/gemini-mcp-tool","2026-06-24T04:54:20.379Z","jamubc","OPEN_SOURCE"
"https://github.com/louisfb01/Best_AI_paper_2020","2026-06-24T04:54:20.379Z","louisfb01","OPEN_SOURCE"
"https://github.com/Mintplex-Labs/vector-admin","2026-06-24T04:54:20.379Z","Mintplex-Labs","OPEN_SOURCE"
"https://github.com/romgX/openrelay","2026-06-24T04:54:20.379Z","romgX","OPEN_SOURCE"
"https://github.com/Agent-Field/agentfield","2026-06-24T04:54:20.379Z","Agent-Field","OPEN_SOURCE"
"https://github.com/ai-christianson/RA.Aid","2026-06-24T04:54:20.379Z","ai-christianson","OPEN_SOURCE"
"https://github.com/LiveHelperChat/livehelperchat","2026-06-24T04:54:20.379Z","LiveHelperChat","OPEN_SOURCE"
"https://github.com/datapizza-labs/datapizza-ai","2026-06-24T04:54:20.379Z","datapizza-labs","OPEN_SOURCE"
"https://github.com/floneum/kalosm","2026-06-24T04:54:20.379Z","floneum","OPEN_SOURCE"
"https://github.com/daodao97/chatmcp","2026-06-24T04:54:20.379Z","daodao97","OPEN_SOURCE"
"https://github.com/signerlabs/ShipSwift","2026-06-24T04:54:20.379Z","signerlabs","OPEN_SOURCE"
"https://github.com/AnotiaWang/deep-research-web-ui","2026-06-24T04:54:20.379Z","AnotiaWang","OPEN_SOURCE"
"https://github.com/YFGaia/dify-plus","2026-06-24T04:54:20.379Z","YFGaia","OPEN_SOURCE"
"https://github.com/ailyProject/aily-blockly","2026-06-24T04:54:20.379Z","ailyProject","OPEN_SOURCE"
"https://github.com/yifanfeng97/Hyper-Extract","2026-06-24T04:54:20.379Z","yifanfeng97","OPEN_SOURCE"
"https://github.com/Fabsqrt/BitTiger","2026-06-24T04:54:20.379Z","Fabsqrt","OPEN_SOURCE"
"https://github.com/filipstrand/mflux","2026-06-24T04:54:20.379Z","filipstrand","OPEN_SOURCE"
"https://github.com/harry0703/AudioNotes","2026-06-24T04:54:20.379Z","harry0703","OPEN_SOURCE"
"https://github.com/GalTransl/GalTransl","2026-06-24T04:54:20.379Z","GalTransl","OPEN_SOURCE"
"https://github.com/samchon/nestia","2026-06-24T04:54:20.379Z","samchon","OPEN_SOURCE"
"https://github.com/latentcat/latentbox","2026-06-24T04:54:20.379Z","latentcat","OPEN_SOURCE"
"https://github.com/Nano-Collective/nanocoder","2026-06-24T04:54:20.379Z","Nano-Collective","OPEN_SOURCE"
"https://github.com/lobehub/lobe-icons","2026-06-24T04:54:20.379Z","lobehub","OPEN_SOURCE"
"https://github.com/vercel/ai-elements","2026-06-24T04:54:20.379Z","vercel","OPEN_SOURCE"
"https://github.com/MinishLab/model2vec","2026-06-24T04:54:20.379Z","MinishLab","OPEN_SOURCE"
"https://github.com/YiVal/YiVal","2026-06-24T04:54:20.379Z","YiVal","OPEN_SOURCE"
"https://github.com/datawhalechina/hello-claw","2026-06-24T04:54:20.379Z","datawhalechina","OPEN_SOURCE"
"https://github.com/cjo4m06/mcp-shrimp-task-manager","2026-06-24T04:54:20.379Z","cjo4m06","OPEN_SOURCE"
"https://github.com/vercel/chat","2026-06-24T04:54:20.379Z","vercel","OPEN_SOURCE"
"https://github.com/kubeflow/trainer","2026-06-24T04:54:25.193Z","kubeflow","OPEN_SOURCE"
"https://github.com/handtracking-io/yoha","2026-06-24T04:54:25.193Z","handtracking-io","OPEN_SOURCE"
"https://github.com/jtmuller5/The-HustleGPT-Challenge","2026-06-24T04:54:25.193Z","jtmuller5","OPEN_SOURCE"
"https://github.com/git-ai-project/git-ai","2026-06-24T04:54:25.193Z","git-ai-project","OPEN_SOURCE"
"https://github.com/google-gemini/genai-processors","2026-06-24T04:54:25.193Z","google-gemini","OPEN_SOURCE"
"https://github.com/withcatai/node-llama-cpp","2026-06-24T04:54:25.193Z","withcatai","OPEN_SOURCE"
"https://github.com/ModelEngine-Group/fit-framework","2026-06-24T04:54:25.193Z","ModelEngine-Group","OPEN_SOURCE"
"https://github.com/devisasari/awesome-gpt-store","2026-06-24T04:54:25.193Z","devisasari","OPEN_SOURCE"
"https://github.com/vasu-devs/JustHireMe","2026-06-24T04:54:25.193Z","vasu-devs","OPEN_SOURCE"
"https://github.com/apioo/fusio","2026-06-24T04:54:25.193Z","apioo","OPEN_SOURCE"
"https://github.com/ozgrozer/ai-renamer","2026-06-24T04:54:25.193Z","ozgrozer","OPEN_SOURCE"
"https://github.com/SharifiZarchi/Introduction_to_Machine_Learning","2026-06-24T04:54:25.193Z","SharifiZarchi","OPEN_SOURCE"
"https://github.com/e2b-dev/open-computer-use","2026-06-24T04:54:25.193Z","e2b-dev","OPEN_SOURCE"
"https://github.com/mozilla-ai/any-llm","2026-06-24T04:54:25.193Z","mozilla-ai","OPEN_SOURCE"
"https://github.com/softaworks/agent-toolkit","2026-06-24T04:54:25.193Z","softaworks","OPEN_SOURCE"
"https://github.com/microsoft/aici","2026-06-24T04:54:25.193Z","microsoft","OPEN_SOURCE"
"https://github.com/mathworks/MATLAB-Simulink-Challenge-Project-Hub","2026-06-24T04:54:25.193Z","mathworks","OPEN_SOURCE"
"https://github.com/vava-nessa/free-coding-models","2026-06-24T04:54:25.193Z","vava-nessa","OPEN_SOURCE"
"https://github.com/lxe/simple-llm-finetuner","2026-06-24T04:54:25.193Z","lxe","OPEN_SOURCE"
"https://github.com/tinyfish-io/tinyfish-cookbook","2026-06-24T04:54:25.193Z","tinyfish-io","OPEN_SOURCE"
"https://github.com/guinmoon/LLMFarm","2026-06-24T04:54:25.193Z","guinmoon","OPEN_SOURCE"
"https://github.com/fiatrete/OpenDAN-Personal-AI-OS","2026-06-24T04:54:25.193Z","fiatrete","OPEN_SOURCE"
"https://github.com/Kocoro-lab/Shannon","2026-06-24T04:54:25.193Z","Kocoro-lab","OPEN_SOURCE"
"https://github.com/KudoAI/chatgpt.js","2026-06-24T04:54:25.193Z","KudoAI","OPEN_SOURCE"
"https://github.com/iamzhihuix/skills-manage","2026-06-24T04:54:25.193Z","iamzhihuix","OPEN_SOURCE"
"https://github.com/Helvesec/rmux","2026-06-24T04:54:25.193Z","Helvesec","OPEN_SOURCE"
"https://github.com/natolambert/rlhf-book","2026-06-24T04:54:25.193Z","natolambert","OPEN_SOURCE"
"https://github.com/jiqizhixin/Artificial-Intelligence-Terminology-Database","2026-06-24T04:54:25.193Z","jiqizhixin","OPEN_SOURCE"
"https://github.com/samugit83/redamon","2026-06-24T04:54:25.193Z","samugit83","OPEN_SOURCE"
"https://github.com/roboterax/humanoid-gym","2026-06-24T04:54:25.193Z","roboterax","OPEN_SOURCE"
"https://github.com/pkhungurn/talking-head-anime-demo","2026-06-24T04:54:25.193Z","pkhungurn","OPEN_SOURCE"
"https://github.com/superglue-ai/superglue","2026-06-24T04:54:25.193Z","superglue-ai","OPEN_SOURCE"
"https://github.com/Cloud-CV/EvalAI","2026-06-24T04:54:25.193Z","Cloud-CV","OPEN_SOURCE"
"https://github.com/google-github-actions/run-gemini-cli","2026-06-24T04:54:25.193Z","google-github-actions","OPEN_SOURCE"
"https://github.com/agentset-ai/agentset","2026-06-24T04:54:25.193Z","agentset-ai","OPEN_SOURCE"
"https://github.com/jwadow/kiro-gateway","2026-06-24T04:54:25.193Z","jwadow","OPEN_SOURCE"
"https://github.com/sonnylazuardi/chat-ai-desktop","2026-06-24T04:54:25.193Z","sonnylazuardi","OPEN_SOURCE"
"https://github.com/ZeroLu/awesome-seedance","2026-06-24T04:54:25.193Z","ZeroLu","OPEN_SOURCE"
"https://github.com/nitrictech/nitric","2026-06-24T04:54:25.193Z","nitrictech","OPEN_SOURCE"
"https://github.com/elyra-ai/elyra","2026-06-24T04:54:25.193Z","elyra-ai","OPEN_SOURCE"
"https://github.com/BetaStreetOmnis/xhs_ai_publisher","2026-06-24T04:54:25.193Z","BetaStreetOmnis","OPEN_SOURCE"
"https://github.com/zhimaAi/chatwiki","2026-06-24T04:54:25.193Z","zhimaAi","OPEN_SOURCE"
"https://github.com/neuron-core/neuron-ai","2026-06-24T04:54:25.193Z","neuron-core","OPEN_SOURCE"
"https://github.com/guy-hartstein/company-research-agent","2026-06-24T04:54:25.193Z","guy-hartstein","OPEN_SOURCE"
"https://github.com/nottelabs/notte","2026-06-24T04:54:25.193Z","nottelabs","OPEN_SOURCE"
"https://github.com/aws/amazon-q-developer-cli","2026-06-24T04:54:25.193Z","aws","OPEN_SOURCE"
"https://github.com/Zafer-Liu/Data-Analysis-Agent","2026-06-24T04:54:25.193Z","Zafer-Liu","OPEN_SOURCE"
"https://github.com/memohai/Memoh","2026-06-24T04:54:25.193Z","memohai","OPEN_SOURCE"
"https://github.com/HuTianQi/SmartOpenCV","2026-06-24T04:54:25.193Z","HuTianQi","OPEN_SOURCE"
"https://github.com/nhaouari/obsidian-textgenerator-plugin","2026-06-24T04:54:25.193Z","nhaouari","OPEN_SOURCE"
"https://github.com/travisvn/openai-edge-tts","2026-06-24T04:54:25.193Z","travisvn","OPEN_SOURCE"
"https://github.com/photonixapp/photonix","2026-06-24T04:54:25.193Z","photonixapp","OPEN_SOURCE"
"https://github.com/MiniMax-AI/cli","2026-06-24T04:54:25.193Z","MiniMax-AI","OPEN_SOURCE"
"https://github.com/amitshekhariitbhu/ai-engineering-interview-questions","2026-06-24T04:54:25.193Z","amitshekhariitbhu","OPEN_SOURCE"
"https://github.com/visomaster/VisoMaster","2026-06-24T04:54:25.193Z","visomaster","OPEN_SOURCE"
"https://github.com/Andrew-Jang/RAGHub","2026-06-24T04:54:25.193Z","Andrew-Jang","OPEN_SOURCE"
"https://github.com/BuilderIO/agent-native","2026-06-24T04:54:25.193Z","BuilderIO","OPEN_SOURCE"
"https://github.com/kevinhermawan/Ollamac","2026-06-24T04:54:25.193Z","kevinhermawan","OPEN_SOURCE"
"https://github.com/kubewall/kubewall","2026-06-24T04:54:25.193Z","kubewall","OPEN_SOURCE"
"https://github.com/stacklok/toolhive","2026-06-24T04:54:25.193Z","stacklok","OPEN_SOURCE"
"https://github.com/RedPlanetHQ/tegon","2026-06-24T04:54:25.193Z","RedPlanetHQ","OPEN_SOURCE"
"https://github.com/melih-unsal/DemoGPT","2026-06-24T04:54:25.193Z","melih-unsal","OPEN_SOURCE"
"https://github.com/mrsaeeddev/free-ai-resources","2026-06-24T04:54:25.193Z","mrsaeeddev","OPEN_SOURCE"
"https://github.com/4thfever/cultivation-world-simulator","2026-06-24T04:54:25.193Z","4thfever","OPEN_SOURCE"
"https://github.com/marella/ctransformers","2026-06-24T04:54:25.193Z","marella","OPEN_SOURCE"
"https://github.com/code-yeongyu/lazycodex","2026-06-24T04:54:25.193Z","code-yeongyu","OPEN_SOURCE"
"https://github.com/chinesehuazhou/python-weekly","2026-06-24T04:54:25.193Z","chinesehuazhou","OPEN_SOURCE"
"https://github.com/openclaw/clawsweeper","2026-06-24T04:54:25.193Z","openclaw","OPEN_SOURCE"
"https://github.com/libukai/Awesome-ChatTTS","2026-06-24T04:54:25.193Z","libukai","OPEN_SOURCE"
"https://github.com/southleft/figma-console-mcp","2026-06-24T04:54:25.193Z","southleft","OPEN_SOURCE"
"https://github.com/vonzosten/awesome-LangGraph","2026-06-24T04:54:25.193Z","vonzosten","OPEN_SOURCE"
"https://github.com/coder-hxl/x-crawl","2026-06-24T04:54:25.193Z","coder-hxl","OPEN_SOURCE"
"https://github.com/alvinunreal/tmuxai","2026-06-24T04:54:25.193Z","alvinunreal","OPEN_SOURCE"
"https://github.com/chatgpt-web-dev/chatgpt-web","2026-06-24T04:54:25.193Z","chatgpt-web-dev","OPEN_SOURCE"
"https://github.com/INESCTEC/yake","2026-06-24T04:54:25.193Z","INESCTEC","OPEN_SOURCE"
"https://github.com/tradytics/surpriver","2026-06-24T04:54:25.193Z","tradytics","OPEN_SOURCE"
"https://github.com/ombharatiya/ai-system-design-guide","2026-06-24T04:54:25.193Z","ombharatiya","OPEN_SOURCE"
"https://github.com/e-p-armstrong/augmentoolkit","2026-06-24T04:54:25.193Z","e-p-armstrong","OPEN_SOURCE"
"https://github.com/betomoedano/snapai","2026-06-24T04:54:25.193Z","betomoedano","OPEN_SOURCE"
"https://github.com/alpic-ai/skybridge","2026-06-24T04:54:25.193Z","alpic-ai","OPEN_SOURCE"
"https://github.com/shcherbak-ai/contextgem","2026-06-24T04:54:25.193Z","shcherbak-ai","OPEN_SOURCE"
"https://github.com/jim-schwoebel/awesome_ai_agents","2026-06-24T04:54:25.193Z","jim-schwoebel","OPEN_SOURCE"
"https://github.com/ssusnic/Machine-Learning-Flappy-Bird","2026-06-24T04:54:25.193Z","ssusnic","OPEN_SOURCE"
"https://github.com/sourcery-ai/sourcery","2026-06-24T04:54:25.193Z","sourcery-ai","OPEN_SOURCE"
"https://github.com/nndeploy/nndeploy","2026-06-24T04:54:25.194Z","nndeploy","OPEN_SOURCE"
"https://github.com/szczyglis-dev/py-gpt","2026-06-24T04:54:25.194Z","szczyglis-dev","OPEN_SOURCE"
"https://github.com/7836246/cursor2api","2026-06-24T04:54:25.194Z","7836246","OPEN_SOURCE"
"https://github.com/openakita/openakita","2026-06-24T04:54:25.194Z","openakita","OPEN_SOURCE"
"https://github.com/NitroRCr/AIaW","2026-06-24T04:54:25.194Z","NitroRCr","OPEN_SOURCE"
"https://github.com/TNT-Likely/BeeCount","2026-06-24T04:54:25.194Z","TNT-Likely","OPEN_SOURCE"
"https://github.com/trekhleb/machine-learning-experiments","2026-06-24T04:54:25.194Z","trekhleb","OPEN_SOURCE"
"https://github.com/sammcj/gollama","2026-06-24T04:54:25.194Z","sammcj","OPEN_SOURCE"
"https://github.com/omnimind-ai/OpenOmniBot","2026-06-24T04:54:25.194Z","omnimind-ai","OPEN_SOURCE"
"https://github.com/akdeb/ElatoAI","2026-06-24T04:54:25.194Z","akdeb","OPEN_SOURCE"
"https://github.com/all-in-aigc/aicover","2026-06-24T04:54:25.194Z","all-in-aigc","OPEN_SOURCE"
"https://github.com/altryne/awesome-ai-art-image-synthesis","2026-06-24T04:54:25.194Z","altryne","OPEN_SOURCE"
"https://github.com/abinthomasonline/repo2txt","2026-06-24T04:54:25.194Z","abinthomasonline","OPEN_SOURCE"
"https://github.com/superagent-ai/vibekit","2026-06-24T04:54:25.194Z","superagent-ai","OPEN_SOURCE"
"https://github.com/lihongxun945/gobang","2026-06-24T04:54:25.194Z","lihongxun945","OPEN_SOURCE"
"https://github.com/wzc520pyfm/ant-design-x-vue","2026-06-24T04:54:25.194Z","wzc520pyfm","OPEN_SOURCE"